date_time,maxtempC,mintempC,totalSnow_cm,sunHour,uvIndex,moon_illumination,moonrise,moonset,sunrise,sunset,DewPointC,FeelsLikeC,HeatIndexC,WindChillC,WindGustKmph,cloudcover,humidity,precipMM,pressure,tempC,visibility,winddirDegree,windspeedKmph,location
2008-12-11 07:00:00,30,18,0.0,11.0,6,93,04:33 PM,05:13 AM,06:57 AM,05:59 PM,15,25,25,23,8,10,51,0.0,1014,23,10,109,6,pune
2008-12-11 08:00:00,30,18,0.0,11.0,6,93,04:33 PM,05:13 AM,06:57 AM,05:59 PM,15,26,26,24,8,9,42,0.0,1014,24,10,106,7,pune
2008-12-11 09:00:00,30,18,0.0,11.0,6,93,04:33 PM,05:13 AM,06:57 AM,05:59 PM,14,28,28,28,9,8,33,0.0,1014,28,10,102,8,pune
2008-12-11 10:00:00,30,18,0.0,11.0,6,93,04:33 PM,05:13 AM,06:57 AM,05:59 PM,14,29,29,29,12,10,32,0.0,1013,29,10,119,6,pune
2008-12-11 11:00:00,30,18,0.0,11.0,6,93,04:33 PM,05:13 AM,06:57 AM,05:59 PM,13,30,30,30,11,12,30,0.0,1012,30,10,136,5,pune
2008-12-11 12:00:00,30,18,0.0,11.0,6,93,04:33 PM,05:13 AM,06:57 AM,05:59 PM,14,30,30,30,10,14,29,0.0,1011,30,10,152,3,pune
2008-12-11 13:00:00,30,18,0.0,11.0,6,93,04:33 PM,05:13 AM,06:57 AM,05:59 PM,13,30,30,30,10,16,35,0.0,1011,30,10,146,3,pune
2008-12-11 14:00:00,30,18,0.0,11.0,6,93,04:33 PM,05:13 AM,06:57 AM,05:59 PM,13,28,28,28,9,18,41,0.0,1011,28,10,139,3,pune
2008-12-11 15:00:00,30,18,0.0,11.0,6,93,04:33 PM,05:13 AM,06:57 AM,05:59 PM,15,28,28,28,10,20,47,0.0,1011,28,10,133,3,pune
2008-12-11 16:00:00,30,18,0.0,11.0,6,93,04:33 PM,05:13 AM,06:57 AM,05:59 PM,15,27,27,27,11,25,53,0.0,1011,27,10,144,3,pune
2008-12-11 17:00:00,30,18,0.0,11.0,6,93,04:33 PM,05:13 AM,06:57 AM,05:59 PM,16,26,26,26,7,31,59,0.0,1012,26,10,156,3,pune
2008-12-11 18:00:00,30,18,0.0,11.0,6,93,04:33 PM,05:13 AM,06:57 AM,05:59 PM,16,25,25,24,8,37,64,0.0,1012,24,10,167,4,pune
2008-12-11 19:00:00,30,18,0.0,11.0,6,93,04:33 PM,05:13 AM,06:57 AM,05:59 PM,15,25,25,22,8,40,66,0.0,1012,22,10,146,4,pune
2008-12-11 20:00:00,30,18,0.0,11.0,6,93,04:33 PM,05:13 AM,06:57 AM,05:59 PM,16,22,25,22,8,43,67,0.0,1013,22,10,125,4,pune
2008-12-11 21:00:00,30,18,0.0,11.0,6,93,04:33 PM,05:13 AM,06:57 AM,05:59 PM,16,22,25,22,8,47,68,0.0,1013,22,10,103,4,pune
2008-12-11 22:00:00,30,18,0.0,11.0,6,93,04:33 PM,05:13 AM,06:57 AM,05:59 PM,16,22,24,22,7,38,70,0.0,1013,22,10,109,3,pune
2008-12-11 23:00:00,30,18,0.0,11.0,6,93,04:33 PM,05:13 AM,06:57 AM,05:59 PM,16,21,24,21,7,29,71,0.0,1012,21,10,114,3,pune
2008-12-12 00:00:00,30,21,0.0,11.0,6,100,05:37 PM,06:22 AM,06:57 AM,05:59 PM,16,21,21,21,7,20,72,0.0,1012,21,10,120,3,pune
2008-12-12 01:00:00,30,21,0.0,11.0,6,100,05:37 PM,06:22 AM,06:57 AM,05:59 PM,16,21,24,21,9,17,72,0.0,1012,21,10,126,4,pune
2008-12-12 02:00:00,30,21,0.0,11.0,6,100,05:37 PM,06:22 AM,06:57 AM,05:59 PM,16,21,24,21,10,13,71,0.0,1012,21,10,132,6,pune
2008-12-12 03:00:00,30,21,0.0,11.0,6,100,05:37 PM,06:22 AM,06:57 AM,05:59 PM,16,21,24,21,12,10,71,0.0,1012,21,10,139,7,pune
2008-12-12 04:00:00,30,21,0.0,11.0,6,100,05:37 PM,06:22 AM,06:57 AM,05:59 PM,16,21,21,21,10,9,69,0.0,1012,21,10,131,6,pune
2008-12-12 05:00:00,30,21,0.0,11.0,6,100,05:37 PM,06:22 AM,06:57 AM,05:59 PM,16,21,24,21,8,8,68,0.0,1012,21,10,123,6,pune
2008-12-12 06:00:00,30,21,0.0,11.0,6,100,05:37 PM,06:22 AM,06:57 AM,05:59 PM,16,22,24,22,7,7,66,0.0,1013,22,10,116,6,pune
2008-12-12 07:00:00,30,21,0.0,11.0,6,100,05:37 PM,06:22 AM,06:57 AM,05:59 PM,16,25,25,23,7,10,58,0.0,1013,23,10,122,6,pune
2008-12-12 08:00:00,30,21,0.0,11.0,6,100,05:37 PM,06:22 AM,06:57 AM,05:59 PM,17,26,26,24,8,14,50,0.0,1013,24,10,128,7,pune
2008-12-12 09:00:00,30,21,0.0,11.0,6,100,05:37 PM,06:22 AM,06:57 AM,05:59 PM,16,28,28,27,9,17,42,0.0,1013,27,10,134,8,pune
2008-12-12 10:00:00,30,21,0.0,11.0,6,100,05:37 PM,06:22 AM,06:57 AM,05:59 PM,16,29,29,29,12,15,40,0.0,1012,29,10,142,6,pune
2008-12-12 11:00:00,30,21,0.0,11.0,6,100,05:37 PM,06:22 AM,06:57 AM,05:59 PM,16,30,30,30,12,13,38,0.0,1011,30,10,149,4,pune
2008-12-12 12:00:00,30,21,0.0,11.0,6,100,05:37 PM,06:22 AM,06:57 AM,05:59 PM,16,31,31,30,12,10,36,0.0,1010,30,10,157,3,pune
2008-12-12 13:00:00,30,21,0.0,11.0,6,100,05:37 PM,06:22 AM,06:57 AM,05:59 PM,16,31,31,30,12,11,43,0.0,1010,30,10,132,3,pune
2008-12-12 14:00:00,30,21,0.0,11.0,6,100,05:37 PM,06:22 AM,06:57 AM,05:59 PM,16,29,29,28,11,12,50,0.0,1010,28,10,106,2,pune
2008-12-12 15:00:00,30,21,0.0,11.0,6,100,05:37 PM,06:22 AM,06:57 AM,05:59 PM,16,28,28,27,11,13,57,0.0,1010,27,10,80,2,pune
2008-12-12 16:00:00,30,21,0.0,11.0,6,100,05:37 PM,06:22 AM,06:57 AM,05:59 PM,16,28,28,27,11,14,58,0.0,1011,27,10,113,2,pune
2008-12-12 17:00:00,30,21,0.0,11.0,6,100,05:37 PM,06:22 AM,06:57 AM,05:59 PM,16,27,27,26,10,16,60,0.0,1011,26,10,146,2,pune
2008-12-12 18:00:00,30,21,0.0,11.0,6,100,05:37 PM,06:22 AM,06:57 AM,05:59 PM,16,26,26,24,8,17,61,0.0,1012,24,10,178,2,pune
2008-12-12 19:00:00,30,21,0.0,11.0,6,100,05:37 PM,06:22 AM,06:57 AM,05:59 PM,16,26,26,24,4,24,61,0.0,1012,24,10,158,3,pune
2008-12-12 20:00:00,30,21,0.0,11.0,6,100,05:37 PM,06:22 AM,06:57 AM,05:59 PM,16,25,25,24,6,32,61,0.0,1012,24,10,138,3,pune
2008-12-12 21:00:00,30,21,0.0,11.0,6,100,05:37 PM,06:22 AM,06:57 AM,05:59 PM,16,25,25,24,7,39,62,0.0,1012,24,10,117,4,pune
2008-12-12 22:00:00,30,21,0.0,11.0,6,100,05:37 PM,06:22 AM,06:57 AM,05:59 PM,16,25,25,22,7,34,61,0.0,1012,22,10,123,4,pune
2008-12-12 23:00:00,30,21,0.0,11.0,6,100,05:37 PM,06:22 AM,06:57 AM,05:59 PM,16,25,25,22,8,29,60,0.0,1012,22,10,128,5,pune
2008-12-13 00:00:00,30,21,0.0,11.4,6,100,06:45 PM,07:31 AM,06:58 AM,06:00 PM,15,25,25,23,8,24,59,0.0,1012,23,10,133,5,pune
2008-12-13 01:00:00,30,21,0.0,11.4,6,100,06:45 PM,07:31 AM,06:58 AM,06:00 PM,15,25,25,23,9,22,62,0.0,1013,23,10,126,5,pune
2008-12-13 02:00:00,30,21,0.0,11.4,6,100,06:45 PM,07:31 AM,06:58 AM,06:00 PM,15,22,25,22,10,19,65,0.0,1013,22,10,119,6,pune
2008-12-13 03:00:00,30,21,0.0,11.4,6,100,06:45 PM,07:31 AM,06:58 AM,06:00 PM,15,21,21,21,12,17,68,0.0,1013,21,10,112,6,pune
2008-12-13 04:00:00,30,21,0.0,11.4,6,100,06:45 PM,07:31 AM,06:58 AM,06:00 PM,15,22,25,22,11,14,65,0.0,1014,22,10,116,7,pune
2008-12-13 05:00:00,30,21,0.0,11.4,6,100,06:45 PM,07:31 AM,06:58 AM,06:00 PM,16,21,24,21,10,10,62,0.0,1014,21,10,120,7,pune
2008-12-13 06:00:00,30,21,0.0,11.4,6,100,06:45 PM,07:31 AM,06:58 AM,06:00 PM,15,21,21,21,9,7,59,0.0,1015,21,10,125,8,pune
2008-12-13 07:00:00,30,21,0.0,11.4,6,100,06:45 PM,07:31 AM,06:58 AM,06:00 PM,15,22,24,22,10,7,52,0.0,1014,22,10,125,8,pune
2008-12-13 08:00:00,30,21,0.0,11.4,6,100,06:45 PM,07:31 AM,06:58 AM,06:00 PM,15,26,26,24,15,8,45,0.0,1014,24,10,125,9,pune
2008-12-13 09:00:00,30,21,0.0,11.4,6,100,06:45 PM,07:31 AM,06:58 AM,06:00 PM,15,27,27,27,15,8,38,0.0,1014,27,10,125,9,pune
2008-12-13 10:00:00,30,21,0.0,11.4,6,100,06:45 PM,07:31 AM,06:58 AM,06:00 PM,15,28,28,28,17,7,36,0.0,1013,28,10,122,9,pune
2008-12-13 11:00:00,30,21,0.0,11.4,6,100,06:45 PM,07:31 AM,06:58 AM,06:00 PM,15,30,30,29,18,6,34,0.0,1012,29,10,118,8,pune
2008-12-13 12:00:00,30,21,0.0,11.4,6,100,06:45 PM,07:31 AM,06:58 AM,06:00 PM,15,30,30,30,18,6,32,0.0,1012,30,10,114,8,pune
2008-12-13 13:00:00,30,21,0.0,11.4,6,100,06:45 PM,07:31 AM,06:58 AM,06:00 PM,14,30,30,30,18,6,37,0.0,1012,30,10,109,7,pune
2008-12-13 14:00:00,30,21,0.0,11.4,6,100,06:45 PM,07:31 AM,06:58 AM,06:00 PM,14,29,29,29,17,6,41,0.0,1012,29,10,103,7,pune
2008-12-13 15:00:00,30,21,0.0,11.4,6,100,06:45 PM,07:31 AM,06:58 AM,06:00 PM,15,28,28,28,12,7,46,0.0,1012,28,10,98,7,pune
2008-12-13 16:00:00,30,21,0.0,11.4,6,100,06:45 PM,07:31 AM,06:58 AM,06:00 PM,15,28,28,27,11,6,50,0.0,1013,27,10,107,7,pune
2008-12-13 17:00:00,30,21,0.0,11.4,6,100,06:45 PM,07:31 AM,06:58 AM,06:00 PM,15,27,27,26,11,6,55,0.0,1014,26,10,115,6,pune
2008-12-13 18:00:00,30,21,0.0,11.4,6,100,06:45 PM,07:31 AM,06:58 AM,06:00 PM,15,26,26,24,11,6,59,0.0,1014,24,10,124,5,pune
2008-12-13 19:00:00,30,21,0.0,11.4,6,100,06:45 PM,07:31 AM,06:58 AM,06:00 PM,14,25,25,23,12,6,59,0.0,1015,23,10,123,6,pune
2008-12-13 20:00:00,30,21,0.0,11.4,6,100,06:45 PM,07:31 AM,06:58 AM,06:00 PM,14,25,25,22,12,6,60,0.0,1015,22,10,122,6,pune
2008-12-13 21:00:00,30,21,0.0,11.4,6,100,06:45 PM,07:31 AM,06:58 AM,06:00 PM,14,22,24,22,13,6,60,0.0,1015,22,10,122,6,pune
2008-12-13 22:00:00,30,21,0.0,11.4,6,100,06:45 PM,07:31 AM,06:58 AM,06:00 PM,14,21,24,21,12,6,62,0.0,1015,21,10,120,6,pune
2008-12-13 23:00:00,30,21,0.0,11.4,6,100,06:45 PM,07:31 AM,06:58 AM,06:00 PM,14,21,21,21,12,6,63,0.0,1015,21,10,119,6,pune
2008-12-14 00:00:00,30,19,0.0,11.4,6,85,07:55 PM,08:34 AM,06:58 AM,06:00 PM,14,20,20,20,11,6,65,0.0,1015,20,10,117,6,pune
2008-12-14 01:00:00,30,19,0.0,11.4,6,85,07:55 PM,08:34 AM,06:58 AM,06:00 PM,13,20,20,20,10,6,66,0.0,1015,20,10,108,6,pune
2008-12-14 02:00:00,30,19,0.0,11.4,6,85,07:55 PM,08:34 AM,06:58 AM,06:00 PM,13,20,20,20,10,6,68,0.0,1015,20,10,99,6,pune
2008-12-14 03:00:00,30,19,0.0,11.4,6,85,07:55 PM,08:34 AM,06:58 AM,06:00 PM,13,19,19,19,9,6,69,0.0,1015,19,10,90,5,pune
2008-12-14 04:00:00,30,19,0.0,11.4,6,85,07:55 PM,08:34 AM,06:58 AM,06:00 PM,14,20,20,20,9,5,68,0.0,1015,20,10,97,6,pune
2008-12-14 05:00:00,30,19,0.0,11.4,6,85,07:55 PM,08:34 AM,06:58 AM,06:00 PM,15,19,19,19,9,4,66,0.0,1016,19,10,103,7,pune
2008-12-14 06:00:00,30,19,0.0,11.4,6,85,07:55 PM,08:34 AM,06:58 AM,06:00 PM,15,19,19,19,14,3,65,0.0,1016,19,10,110,8,pune
2008-12-14 07:00:00,30,19,0.0,11.4,6,85,07:55 PM,08:34 AM,06:58 AM,06:00 PM,15,21,21,21,15,2,56,0.0,1016,21,10,108,8,pune
2008-12-14 08:00:00,30,19,0.0,11.4,6,85,07:55 PM,08:34 AM,06:58 AM,06:00 PM,15,25,25,23,16,1,47,0.0,1015,23,10,106,9,pune
2008-12-14 09:00:00,30,19,0.0,11.4,6,85,07:55 PM,08:34 AM,06:58 AM,06:00 PM,15,27,27,26,17,0,38,0.0,1015,26,10,104,9,pune
2008-12-14 10:00:00,30,19,0.0,11.4,6,85,07:55 PM,08:34 AM,06:58 AM,06:00 PM,14,28,28,28,18,1,34,0.0,1014,28,10,103,9,pune
2008-12-14 11:00:00,30,19,0.0,11.4,6,85,07:55 PM,08:34 AM,06:58 AM,06:00 PM,14,29,29,29,21,2,31,0.0,1013,29,10,103,9,pune
2008-12-14 12:00:00,30,19,0.0,11.4,6,85,07:55 PM,08:34 AM,06:58 AM,06:00 PM,13,29,29,30,21,3,28,0.0,1013,30,10,103,10,pune
2008-12-14 13:00:00,30,19,0.0,11.4,6,85,07:55 PM,08:34 AM,06:58 AM,06:00 PM,11,29,29,30,21,3,32,0.0,1013,30,10,102,9,pune
2008-12-14 14:00:00,30,19,0.0,11.4,6,85,07:55 PM,08:34 AM,06:58 AM,06:00 PM,12,28,28,29,20,3,36,0.0,1012,29,10,100,9,pune
2008-12-14 15:00:00,30,19,0.0,11.4,6,85,07:55 PM,08:34 AM,06:58 AM,06:00 PM,13,27,27,28,18,3,41,0.0,1012,28,10,99,8,pune
2008-12-14 16:00:00,30,19,0.0,11.4,6,85,07:55 PM,08:34 AM,06:58 AM,06:00 PM,13,27,27,27,18,3,45,0.0,1013,27,10,100,7,pune
2008-12-14 17:00:00,30,19,0.0,11.4,6,85,07:55 PM,08:34 AM,06:58 AM,06:00 PM,14,26,26,26,16,3,49,0.0,1014,26,10,102,6,pune
2008-12-14 18:00:00,30,19,0.0,11.4,6,85,07:55 PM,08:34 AM,06:58 AM,06:00 PM,14,25,25,24,11,3,53,0.0,1014,24,10,104,5,pune
2008-12-14 19:00:00,30,19,0.0,11.4,6,85,07:55 PM,08:34 AM,06:58 AM,06:00 PM,14,25,25,23,13,3,54,0.0,1014,23,10,106,6,pune
2008-12-14 20:00:00,30,19,0.0,11.4,6,85,07:55 PM,08:34 AM,06:58 AM,06:00 PM,13,25,25,23,15,3,55,0.0,1014,23,10,109,7,pune
2008-12-14 21:00:00,30,19,0.0,11.4,6,85,07:55 PM,08:34 AM,06:58 AM,06:00 PM,13,25,25,22,13,3,56,0.0,1015,22,10,112,8,pune
2008-12-14 22:00:00,30,19,0.0,11.4,6,85,07:55 PM,08:34 AM,06:58 AM,06:00 PM,12,21,21,21,16,4,57,0.0,1014,21,10,108,8,pune
2008-12-14 23:00:00,30,19,0.0,11.4,6,85,07:55 PM,08:34 AM,06:58 AM,06:00 PM,11,20,20,20,15,4,57,0.0,1014,20,10,104,8,pune
2008-12-15 00:00:00,30,18,0.0,11.4,6,78,09:02 PM,09:31 AM,06:59 AM,06:01 PM,11,20,20,20,14,5,58,0.0,1014,20,10,100,7,pune
2008-12-15 01:00:00,30,18,0.0,11.4,6,78,09:02 PM,09:31 AM,06:59 AM,06:01 PM,12,19,19,19,14,5,61,0.0,1014,19,10,95,7,pune
2008-12-15 02:00:00,30,18,0.0,11.4,6,78,09:02 PM,09:31 AM,06:59 AM,06:01 PM,12,19,19,19,14,5,64,0.0,1014,19,10,90,8,pune
2008-12-15 03:00:00,30,18,0.0,11.4,6,78,09:02 PM,09:31 AM,06:59 AM,06:01 PM,12,19,19,19,14,6,66,0.0,1014,19,10,85,8,pune
2008-12-15 04:00:00,30,18,0.0,11.4,6,78,09:02 PM,09:31 AM,06:59 AM,06:01 PM,14,18,18,18,13,5,65,0.0,1015,18,10,96,8,pune
2008-12-15 05:00:00,30,18,0.0,11.4,6,78,09:02 PM,09:31 AM,06:59 AM,06:01 PM,14,19,19,19,16,4,63,0.0,1015,19,10,106,8,pune
2008-12-15 06:00:00,30,18,0.0,11.4,6,78,09:02 PM,09:31 AM,06:59 AM,06:01 PM,14,19,19,19,15,3,62,0.0,1016,19,10,117,9,pune
2008-12-15 07:00:00,30,18,0.0,11.4,6,78,09:02 PM,09:31 AM,06:59 AM,06:01 PM,14,20,20,20,16,7,54,0.0,1015,20,10,115,9,pune
2008-12-15 08:00:00,30,18,0.0,11.4,6,78,09:02 PM,09:31 AM,06:59 AM,06:01 PM,14,25,25,23,18,11,47,0.0,1015,23,10,112,10,pune
2008-12-15 09:00:00,30,18,0.0,11.4,6,78,09:02 PM,09:31 AM,06:59 AM,06:01 PM,14,26,26,26,20,16,39,0.0,1014,26,10,110,10,pune
2008-12-15 10:00:00,30,18,0.0,11.4,6,78,09:02 PM,09:31 AM,06:59 AM,06:01 PM,14,27,27,27,22,12,36,0.0,1014,27,10,113,10,pune
2008-12-15 11:00:00,30,18,0.0,11.4,6,78,09:02 PM,09:31 AM,06:59 AM,06:01 PM,14,28,28,28,24,8,33,0.0,1013,28,10,115,9,pune
2008-12-15 12:00:00,30,18,0.0,11.4,6,78,09:02 PM,09:31 AM,06:59 AM,06:01 PM,13,29,29,29,24,5,29,0.0,1012,29,10,118,8,pune
2008-12-15 13:00:00,30,18,0.0,11.4,6,78,09:02 PM,09:31 AM,06:59 AM,06:01 PM,12,29,29,30,22,5,34,0.0,1012,30,10,108,8,pune
2008-12-15 14:00:00,30,18,0.0,11.4,6,78,09:02 PM,09:31 AM,06:59 AM,06:01 PM,13,28,28,28,19,5,38,0.0,1011,28,10,99,7,pune
2008-12-15 15:00:00,30,18,0.0,11.4,6,78,09:02 PM,09:31 AM,06:59 AM,06:01 PM,13,27,27,27,16,5,43,0.0,1011,27,10,89,6,pune
2008-12-15 16:00:00,30,18,0.0,11.4,6,78,09:02 PM,09:31 AM,06:59 AM,06:01 PM,13,27,27,27,12,4,46,0.0,1012,27,10,93,6,pune
2008-12-15 17:00:00,30,18,0.0,11.4,6,78,09:02 PM,09:31 AM,06:59 AM,06:01 PM,14,26,26,26,13,4,50,0.0,1013,26,10,96,7,pune
2008-12-15 18:00:00,30,18,0.0,11.4,6,78,09:02 PM,09:31 AM,06:59 AM,06:01 PM,13,25,25,24,14,4,53,0.0,1013,24,10,100,7,pune
2008-12-15 19:00:00,30,18,0.0,11.4,6,78,09:02 PM,09:31 AM,06:59 AM,06:01 PM,12,22,24,22,14,4,53,0.0,1013,22,10,101,7,pune
2008-12-15 20:00:00,30,18,0.0,11.4,6,78,09:02 PM,09:31 AM,06:59 AM,06:01 PM,12,22,24,22,13,4,54,0.0,1013,22,10,103,7,pune
2008-12-15 21:00:00,30,18,0.0,11.4,6,78,09:02 PM,09:31 AM,06:59 AM,06:01 PM,12,21,24,21,13,3,54,0.0,1014,21,10,104,6,pune
2008-12-15 22:00:00,30,18,0.0,11.4,6,78,09:02 PM,09:31 AM,06:59 AM,06:01 PM,12,21,21,21,13,3,56,0.0,1013,21,10,104,7,pune
2008-12-15 23:00:00,30,18,0.0,11.4,6,78,09:02 PM,09:31 AM,06:59 AM,06:01 PM,12,20,20,20,13,3,57,0.0,1013,20,10,105,7,pune
2008-12-16 00:00:00,30,18,0.0,11.0,6,71,10:04 PM,10:20 AM,07:00 AM,06:01 PM,12,20,20,20,13,3,58,0.0,1013,20,10,105,7,pune
2008-12-16 01:00:00,30,18,0.0,11.0,6,71,10:04 PM,10:20 AM,07:00 AM,06:01 PM,12,20,20,20,11,2,60,0.0,1013,20,10,113,7,pune
2008-12-16 02:00:00,30,18,0.0,11.0,6,71,10:04 PM,10:20 AM,07:00 AM,06:01 PM,13,19,19,19,10,2,62,0.0,1013,19,10,121,7,pune
2008-12-16 03:00:00,30,18,0.0,11.0,6,71,10:04 PM,10:20 AM,07:00 AM,06:01 PM,13,18,18,18,9,2,63,0.0,1013,18,10,128,6,pune
2008-12-16 04:00:00,30,18,0.0,11.0,6,71,10:04 PM,10:20 AM,07:00 AM,06:01 PM,13,19,19,19,9,1,62,0.0,1014,19,10,125,7,pune
2008-12-16 05:00:00,30,18,0.0,11.0,6,71,10:04 PM,10:20 AM,07:00 AM,06:01 PM,14,19,19,19,10,1,61,0.0,1014,19,10,121,8,pune
2008-12-16 06:00:00,30,18,0.0,11.0,6,71,10:04 PM,10:20 AM,07:00 AM,06:01 PM,14,19,19,19,14,0,59,0.0,1015,19,10,118,9,pune
2008-12-16 07:00:00,30,18,0.0,11.0,6,71,10:04 PM,10:20 AM,07:00 AM,06:01 PM,14,20,20,20,14,0,52,0.0,1015,20,10,116,9,pune
2008-12-16 08:00:00,30,18,0.0,11.0,6,71,10:04 PM,10:20 AM,07:00 AM,06:01 PM,14,25,25,23,16,0,45,0.0,1014,23,10,114,8,pune
2008-12-16 09:00:00,30,18,0.0,11.0,6,71,10:04 PM,10:20 AM,07:00 AM,06:01 PM,14,27,27,26,17,0,39,0.0,1014,26,10,113,8,pune
2008-12-16 10:00:00,30,18,0.0,11.0,6,71,10:04 PM,10:20 AM,07:00 AM,06:01 PM,14,28,28,27,18,2,36,0.0,1013,27,10,111,7,pune
2008-12-16 11:00:00,30,18,0.0,11.0,6,71,10:04 PM,10:20 AM,07:00 AM,06:01 PM,14,29,29,29,20,3,33,0.0,1013,29,10,109,6,pune
2008-12-16 12:00:00,30,18,0.0,11.0,6,71,10:04 PM,10:20 AM,07:00 AM,06:01 PM,14,29,29,30,17,5,30,0.0,1012,30,10,107,5,pune
2008-12-16 13:00:00,30,18,0.0,11.0,6,71,10:04 PM,10:20 AM,07:00 AM,06:01 PM,13,29,29,30,16,5,35,0.0,1012,30,10,100,6,pune
2008-12-16 14:00:00,30,18,0.0,11.0,6,71,10:04 PM,10:20 AM,07:00 AM,06:01 PM,13,28,28,29,15,5,39,0.0,1012,29,10,92,7,pune
2008-12-16 15:00:00,30,18,0.0,11.0,6,71,10:04 PM,10:20 AM,07:00 AM,06:01 PM,14,27,27,27,12,6,44,0.0,1011,27,10,85,8,pune
2008-12-16 16:00:00,30,18,0.0,11.0,6,71,10:04 PM,10:20 AM,07:00 AM,06:01 PM,14,27,27,27,12,5,48,0.0,1012,27,10,89,7,pune
2008-12-16 17:00:00,30,18,0.0,11.0,6,71,10:04 PM,10:20 AM,07:00 AM,06:01 PM,14,26,26,26,12,5,52,0.0,1013,26,10,93,7,pune
2008-12-16 18:00:00,30,18,0.0,11.0,6,71,10:04 PM,10:20 AM,07:00 AM,06:01 PM,14,25,25,24,12,4,56,0.0,1014,24,10,98,6,pune
2008-12-16 19:00:00,30,18,0.0,11.0,6,71,10:04 PM,10:20 AM,07:00 AM,06:01 PM,14,25,25,23,14,4,57,0.0,1014,23,10,103,7,pune
2008-12-16 20:00:00,30,18,0.0,11.0,6,71,10:04 PM,10:20 AM,07:00 AM,06:01 PM,13,21,24,21,15,4,58,0.0,1014,21,10,108,7,pune
2008-12-16 21:00:00,30,18,0.0,11.0,6,71,10:04 PM,10:20 AM,07:00 AM,06:01 PM,13,21,21,21,16,3,60,0.0,1014,21,10,114,8,pune
2008-12-16 22:00:00,30,18,0.0,11.0,6,71,10:04 PM,10:20 AM,07:00 AM,06:01 PM,13,21,21,21,15,4,61,0.0,1014,21,10,109,8,pune
2008-12-16 23:00:00,30,18,0.0,11.0,6,71,10:04 PM,10:20 AM,07:00 AM,06:01 PM,13,20,20,20,14,5,62,0.0,1013,20,10,104,7,pune
2008-12-17 00:00:00,29,19,0.0,11.0,6,64,11:03 PM,11:03 AM,07:00 AM,06:01 PM,13,20,20,20,14,6,63,0.0,1013,20,10,99,7,pune
2008-12-17 01:00:00,29,19,0.0,11.0,6,64,11:03 PM,11:03 AM,07:00 AM,06:01 PM,12,20,20,20,11,6,64,0.0,1014,20,10,93,6,pune
2008-12-17 02:00:00,29,19,0.0,11.0,6,64,11:03 PM,11:03 AM,07:00 AM,06:01 PM,12,19,19,19,8,7,64,0.0,1014,19,10,87,5,pune
2008-12-17 03:00:00,29,19,0.0,11.0,6,64,11:03 PM,11:03 AM,07:00 AM,06:01 PM,12,19,19,19,11,7,65,0.0,1014,19,10,81,3,pune
2008-12-17 04:00:00,29,19,0.0,11.0,6,64,11:03 PM,11:03 AM,07:00 AM,06:01 PM,13,20,20,20,13,7,64,0.0,1015,20,10,86,5,pune
2008-12-17 05:00:00,29,19,0.0,11.0,6,64,11:03 PM,11:03 AM,07:00 AM,06:01 PM,14,19,19,19,15,6,63,0.0,1015,19,10,91,7,pune
2008-12-17 06:00:00,29,19,0.0,11.0,6,64,11:03 PM,11:03 AM,07:00 AM,06:01 PM,14,19,19,19,17,5,63,0.0,1016,19,10,97,9,pune
2008-12-17 07:00:00,29,19,0.0,11.0,6,64,11:03 PM,11:03 AM,07:00 AM,06:01 PM,14,20,20,20,18,6,56,0.0,1016,20,10,97,10,pune
2008-12-17 08:00:00,29,19,0.0,11.0,6,64,11:03 PM,11:03 AM,07:00 AM,06:01 PM,15,25,25,23,20,6,50,0.0,1015,23,10,97,10,pune
2008-12-17 09:00:00,29,19,0.0,11.0,6,64,11:03 PM,11:03 AM,07:00 AM,06:01 PM,15,26,26,25,22,6,44,0.0,1015,25,10,97,11,pune
2008-12-17 10:00:00,29,19,0.0,11.0,6,64,11:03 PM,11:03 AM,07:00 AM,06:01 PM,15,27,27,27,24,7,41,0.0,1014,27,10,96,11,pune
2008-12-17 11:00:00,29,19,0.0,11.0,6,64,11:03 PM,11:03 AM,07:00 AM,06:01 PM,15,28,28,28,27,9,38,0.0,1013,28,10,96,11,pune
2008-12-17 12:00:00,29,19,0.0,11.0,6,64,11:03 PM,11:03 AM,07:00 AM,06:01 PM,15,29,29,29,26,10,35,0.0,1012,29,10,96,10,pune
2008-12-17 13:00:00,29,19,0.0,11.0,6,64,11:03 PM,11:03 AM,07:00 AM,06:01 PM,13,29,29,29,24,10,39,0.0,1012,29,10,94,9,pune
2008-12-17 14:00:00,29,19,0.0,11.0,6,64,11:03 PM,11:03 AM,07:00 AM,06:01 PM,13,28,28,28,22,9,42,0.0,1013,28,10,92,8,pune
2008-12-17 15:00:00,29,19,0.0,11.0,6,64,11:03 PM,11:03 AM,07:00 AM,06:01 PM,14,28,28,28,20,9,46,0.0,1013,28,10,89,6,pune
2008-12-17 16:00:00,29,19,0.0,11.0,6,64,11:03 PM,11:03 AM,07:00 AM,06:01 PM,14,27,27,27,19,7,47,0.0,1013,27,10,84,6,pune
2008-12-17 17:00:00,29,19,0.0,11.0,6,64,11:03 PM,11:03 AM,07:00 AM,06:01 PM,14,27,27,26,18,5,48,0.0,1014,26,10,78,7,pune
2008-12-17 18:00:00,29,19,0.0,11.0,6,64,11:03 PM,11:03 AM,07:00 AM,06:01 PM,14,26,26,25,13,4,49,0.0,1015,25,10,72,7,pune
2008-12-17 19:00:00,29,19,0.0,11.0,6,64,11:03 PM,11:03 AM,07:00 AM,06:01 PM,11,25,25,23,14,4,48,0.0,1015,23,10,81,8,pune
2008-12-17 20:00:00,29,19,0.0,11.0,6,64,11:03 PM,11:03 AM,07:00 AM,06:01 PM,10,24,24,22,15,4,47,0.0,1015,22,10,89,8,pune
2008-12-17 21:00:00,29,19,0.0,11.0,6,64,11:03 PM,11:03 AM,07:00 AM,06:01 PM,10,21,24,21,16,4,47,0.0,1015,21,10,97,9,pune
2008-12-17 22:00:00,29,19,0.0,11.0,6,64,11:03 PM,11:03 AM,07:00 AM,06:01 PM,9,21,21,21,16,6,45,0.0,1015,21,10,94,9,pune
2008-12-17 23:00:00,29,19,0.0,11.0,6,64,11:03 PM,11:03 AM,07:00 AM,06:01 PM,8,20,20,20,16,8,43,0.0,1015,20,10,91,9,pune
2008-12-18 00:00:00,29,18,0.0,11.0,6,56,11:57 PM,11:42 AM,07:01 AM,06:02 PM,7,20,20,20,16,10,42,0.0,1014,20,10,89,10,pune
2008-12-18 01:00:00,29,18,0.0,11.0,6,56,11:57 PM,11:42 AM,07:01 AM,06:02 PM,7,19,19,19,15,10,43,0.0,1014,19,10,83,9,pune
2008-12-18 02:00:00,29,18,0.0,11.0,6,56,11:57 PM,11:42 AM,07:01 AM,06:02 PM,7,19,19,19,17,10,44,0.0,1014,19,10,78,8,pune
2008-12-18 03:00:00,29,18,0.0,11.0,6,56,11:57 PM,11:42 AM,07:01 AM,06:02 PM,6,18,18,18,17,11,46,0.0,1015,18,10,73,7,pune
2008-12-18 04:00:00,29,18,0.0,11.0,6,56,11:57 PM,11:42 AM,07:01 AM,06:02 PM,7,19,19,19,18,9,45,0.0,1015,19,10,81,8,pune
2008-12-18 05:00:00,29,18,0.0,11.0,6,56,11:57 PM,11:42 AM,07:01 AM,06:02 PM,8,20,20,20,20,7,45,0.0,1015,20,10,89,10,pune
2008-12-18 06:00:00,29,18,0.0,11.0,6,56,11:57 PM,11:42 AM,07:01 AM,06:02 PM,11,20,20,20,21,5,44,0.0,1016,20,10,97,12,pune
2008-12-18 07:00:00,29,18,0.0,11.0,6,56,11:57 PM,11:42 AM,07:01 AM,06:02 PM,12,21,21,21,21,5,42,0.0,1015,21,10,95,11,pune
2008-12-18 08:00:00,29,18,0.0,11.0,6,56,11:57 PM,11:42 AM,07:01 AM,06:02 PM,12,25,25,23,22,4,39,0.0,1015,23,10,93,11,pune
2008-12-18 09:00:00,29,18,0.0,11.0,6,56,11:57 PM,11:42 AM,07:01 AM,06:02 PM,13,26,26,25,24,4,36,0.0,1015,25,10,91,11,pune
2008-12-18 10:00:00,29,18,0.0,11.0,6,56,11:57 PM,11:42 AM,07:01 AM,06:02 PM,13,27,27,27,30,2,32,0.0,1014,27,10,93,16,pune
2008-12-18 11:00:00,29,18,0.0,11.0,6,56,11:57 PM,11:42 AM,07:01 AM,06:02 PM,12,28,28,28,31,1,28,0.0,1013,28,10,94,13,pune
2008-12-18 12:00:00,29,18,0.0,11.0,6,56,11:57 PM,11:42 AM,07:01 AM,06:02 PM,10,28,28,29,31,0,24,0.0,1012,29,10,96,14,pune
2008-12-18 13:00:00,29,18,0.0,11.0,6,56,11:57 PM,11:42 AM,07:01 AM,06:02 PM,8,28,28,29,29,3,27,0.0,1012,29,10,88,12,pune
2008-12-18 14:00:00,29,18,0.0,11.0,6,56,11:57 PM,11:42 AM,07:01 AM,06:02 PM,8,27,27,28,26,5,29,0.0,1012,28,10,81,11,pune
2008-12-18 15:00:00,29,18,0.0,11.0,6,56,11:57 PM,11:42 AM,07:01 AM,06:02 PM,9,27,27,28,23,8,31,0.0,1012,28,10,74,9,pune
2008-12-18 16:00:00,29,18,0.0,11.0,6,56,11:57 PM,11:42 AM,07:01 AM,06:02 PM,9,26,26,27,22,8,34,0.0,1013,27,10,79,8,pune
2008-12-18 17:00:00,29,18,0.0,11.0,6,56,11:57 PM,11:42 AM,07:01 AM,06:02 PM,9,25,25,25,19,9,36,0.0,1014,25,10,84,8,pune
2008-12-18 18:00:00,29,18,0.0,11.0,6,56,11:57 PM,11:42 AM,07:01 AM,06:02 PM,9,25,25,24,15,9,39,0.0,1015,24,10,89,7,pune
2008-12-18 19:00:00,29,18,0.0,11.0,6,56,11:57 PM,11:42 AM,07:01 AM,06:02 PM,10,24,24,22,15,8,39,0.0,1015,22,10,90,7,pune
2008-12-18 20:00:00,29,18,0.0,11.0,6,56,11:57 PM,11:42 AM,07:01 AM,06:02 PM,9,24,24,22,16,7,39,0.0,1015,22,10,91,7,pune
2008-12-18 21:00:00,29,18,0.0,11.0,6,56,11:57 PM,11:42 AM,07:01 AM,06:02 PM,9,21,24,21,16,6,39,0.0,1015,21,10,93,8,pune
2008-12-18 22:00:00,29,18,0.0,11.0,6,56,11:57 PM,11:42 AM,07:01 AM,06:02 PM,6,19,19,19,16,9,40,0.0,1015,19,10,92,8,pune
2008-12-18 23:00:00,29,18,0.0,11.0,6,56,11:57 PM,11:42 AM,07:01 AM,06:02 PM,5,19,19,19,17,12,41,0.0,1015,19,10,90,8,pune
2008-12-19 00:00:00,30,17,0.0,10.8,6,49,No moonrise,12:18 PM,07:01 AM,06:02 PM,5,18,18,18,17,15,42,0.0,1014,18,10,89,8,pune
2008-12-19 01:00:00,30,17,0.0,10.8,6,49,No moonrise,12:18 PM,07:01 AM,06:02 PM,5,18,18,18,17,13,44,0.0,1014,18,10,71,8,pune
2008-12-19 02:00:00,30,17,0.0,10.8,6,49,No moonrise,12:18 PM,07:01 AM,06:02 PM,5,18,18,18,16,12,45,0.0,1014,18,10,53,8,pune
2008-12-19 03:00:00,30,17,0.0,10.8,6,49,No moonrise,12:18 PM,07:01 AM,06:02 PM,6,17,17,17,16,11,47,0.0,1014,17,10,35,8,pune
2008-12-19 04:00:00,30,17,0.0,10.8,6,49,No moonrise,12:18 PM,07:01 AM,06:02 PM,7,17,17,17,14,9,45,0.0,1014,17,10,54,8,pune
2008-12-19 05:00:00,30,17,0.0,10.8,6,49,No moonrise,12:18 PM,07:01 AM,06:02 PM,8,17,17,17,17,7,44,0.0,1015,17,10,73,8,pune
2008-12-19 06:00:00,30,17,0.0,10.8,6,49,No moonrise,12:18 PM,07:01 AM,06:02 PM,8,18,18,18,17,6,42,0.0,1015,18,10,92,8,pune
2008-12-19 07:00:00,30,17,0.0,10.8,6,49,No moonrise,12:18 PM,07:01 AM,06:02 PM,9,19,19,19,16,6,39,0.0,1015,19,10,83,6,pune
2008-12-19 08:00:00,30,17,0.0,10.8,6,49,No moonrise,12:18 PM,07:01 AM,06:02 PM,10,22,24,22,16,7,36,0.0,1014,22,10,74,4,pune
2008-12-19 09:00:00,30,17,0.0,10.8,6,49,No moonrise,12:18 PM,07:01 AM,06:02 PM,12,25,25,25,16,7,33,0.0,1014,25,10,65,7,pune
2008-12-19 10:00:00,30,17,0.0,10.8,6,49,No moonrise,12:18 PM,07:01 AM,06:02 PM,12,27,27,27,17,9,30,0.0,1013,27,10,134,7,pune
2008-12-19 11:00:00,30,17,0.0,10.8,6,49,No moonrise,12:18 PM,07:01 AM,06:02 PM,11,28,28,28,21,10,27,0.0,1012,28,10,202,9,pune
2008-12-19 12:00:00,30,17,0.0,10.8,6,49,No moonrise,12:18 PM,07:01 AM,06:02 PM,11,29,29,30,21,11,24,0.0,1011,30,10,271,9,pune
2008-12-19 13:00:00,30,17,0.0,10.8,6,49,No moonrise,12:18 PM,07:01 AM,06:02 PM,11,28,28,29,21,16,29,0.0,1011,29,10,215,8,pune
2008-12-19 14:00:00,30,17,0.0,10.8,6,49,No moonrise,12:18 PM,07:01 AM,06:02 PM,10,27,27,28,20,20,35,0.0,1011,28,10,158,4,pune
2008-12-19 15:00:00,30,17,0.0,10.8,6,49,No moonrise,12:18 PM,07:01 AM,06:02 PM,11,27,27,27,19,25,40,0.0,1011,27,10,102,5,pune
2008-12-19 16:00:00,30,17,0.0,10.8,6,49,No moonrise,12:18 PM,07:01 AM,06:02 PM,11,26,26,26,15,42,44,0.0,1012,26,10,99,5,pune
2008-12-19 17:00:00,30,17,0.0,10.8,6,49,No moonrise,12:18 PM,07:01 AM,06:02 PM,11,25,25,24,9,59,47,0.0,1013,24,10,95,4,pune
2008-12-19 18:00:00,30,17,0.0,10.8,6,49,No moonrise,12:18 PM,07:01 AM,06:02 PM,11,24,24,22,8,76,51,0.0,1014,22,10,92,4,pune
2008-12-19 19:00:00,30,17,0.0,10.8,6,49,No moonrise,12:18 PM,07:01 AM,06:02 PM,11,22,24,22,8,68,50,0.0,1014,22,10,103,4,pune
2008-12-19 20:00:00,30,17,0.0,10.8,6,49,No moonrise,12:18 PM,07:01 AM,06:02 PM,10,21,21,21,8,61,49,0.0,1014,21,10,115,4,pune
2008-12-19 21:00:00,30,17,0.0,10.8,6,49,No moonrise,12:18 PM,07:01 AM,06:02 PM,10,21,24,21,8,53,48,0.0,1014,21,10,127,4,pune
2008-12-19 22:00:00,30,17,0.0,10.8,6,49,No moonrise,12:18 PM,07:01 AM,06:02 PM,10,21,21,21,7,50,50,0.0,1014,21,10,120,3,pune
2008-12-19 23:00:00,30,17,0.0,10.8,6,49,No moonrise,12:18 PM,07:01 AM,06:02 PM,11,21,21,21,7,47,52,0.0,1014,21,10,112,3,pune
2008-12-20 00:00:00,28,20,0.0,10.8,6,42,12:50 AM,12:53 PM,07:02 AM,06:03 PM,11,21,21,21,7,44,53,0.0,1014,21,10,105,3,pune
2008-12-20 01:00:00,28,20,0.0,10.8,6,42,12:50 AM,12:53 PM,07:02 AM,06:03 PM,11,21,21,21,8,42,53,0.0,1014,21,10,113,4,pune
2008-12-20 02:00:00,28,20,0.0,10.8,6,42,12:50 AM,12:53 PM,07:02 AM,06:03 PM,12,20,20,20,8,40,53,0.0,1014,20,10,121,4,pune
2008-12-20 03:00:00,28,20,0.0,10.8,6,42,12:50 AM,12:53 PM,07:02 AM,06:03 PM,12,20,20,20,9,38,53,0.0,1014,20,10,130,5,pune
2008-12-20 04:00:00,28,20,0.0,10.8,6,42,12:50 AM,12:53 PM,07:02 AM,06:03 PM,12,20,20,20,10,46,54,0.0,1014,20,10,126,6,pune
2008-12-20 05:00:00,28,20,0.0,10.8,6,42,12:50 AM,12:53 PM,07:02 AM,06:03 PM,12,20,20,20,10,53,55,0.0,1015,20,10,122,6,pune
2008-12-20 06:00:00,28,20,0.0,10.8,6,42,12:50 AM,12:53 PM,07:02 AM,06:03 PM,13,20,20,20,11,61,56,0.0,1015,20,10,117,7,pune
2008-12-20 07:00:00,28,20,0.0,10.8,6,42,12:50 AM,12:53 PM,07:02 AM,06:03 PM,13,20,20,20,10,58,53,0.0,1015,20,10,120,7,pune
2008-12-20 08:00:00,28,20,0.0,10.8,6,42,12:50 AM,12:53 PM,07:02 AM,06:03 PM,14,25,25,22,12,56,49,0.0,1015,22,10,123,7,pune
2008-12-20 09:00:00,28,20,0.0,10.8,6,42,12:50 AM,12:53 PM,07:02 AM,06:03 PM,14,25,25,24,13,54,46,0.2,1014,24,10,127,6,pune
2008-12-20 10:00:00,28,20,0.0,10.8,6,42,12:50 AM,12:53 PM,07:02 AM,06:03 PM,13,26,26,25,13,53,43,0.0,1014,25,10,121,5,pune
2008-12-20 11:00:00,28,20,0.0,10.8,6,42,12:50 AM,12:53 PM,07:02 AM,06:03 PM,12,27,27,27,12,52,40,0.0,1013,27,10,115,4,pune
2008-12-20 12:00:00,28,20,0.0,10.8,6,42,12:50 AM,12:53 PM,07:02 AM,06:03 PM,12,28,28,28,12,50,37,0.0,1012,28,10,109,3,pune
2008-12-20 13:00:00,28,20,0.0,10.8,6,42,12:50 AM,12:53 PM,07:02 AM,06:03 PM,12,27,27,27,12,43,41,0.0,1012,27,10,78,3,pune
2008-12-20 14:00:00,28,20,0.0,10.8,6,42,12:50 AM,12:53 PM,07:02 AM,06:03 PM,13,27,27,27,12,36,46,0.0,1012,27,10,46,4,pune
2008-12-20 15:00:00,28,20,0.0,10.8,6,42,12:50 AM,12:53 PM,07:02 AM,06:03 PM,13,27,27,26,14,29,50,0.0,1012,26,10,15,5,pune
2008-12-20 16:00:00,28,20,0.0,10.8,6,42,12:50 AM,12:53 PM,07:02 AM,06:03 PM,13,26,26,26,15,72,52,0.5,1013,26,10,19,5,pune
2008-12-20 17:00:00,28,20,0.0,10.8,6,42,12:50 AM,12:53 PM,07:02 AM,06:03 PM,13,26,26,25,14,32,53,0.0,1014,25,10,23,5,pune
2008-12-20 18:00:00,28,20,0.0,10.8,6,42,12:50 AM,12:53 PM,07:02 AM,06:03 PM,13,25,25,24,13,34,55,0.0,1014,24,10,27,5,pune
2008-12-20 19:00:00,28,20,0.0,10.8,6,42,12:50 AM,12:53 PM,07:02 AM,06:03 PM,14,25,25,23,9,31,55,0.0,1014,23,10,38,5,pune
2008-12-20 20:00:00,28,20,0.0,10.8,6,42,12:50 AM,12:53 PM,07:02 AM,06:03 PM,12,22,24,22,13,28,55,0.0,1014,22,10,48,5,pune
2008-12-20 21:00:00,28,20,0.0,10.8,6,42,12:50 AM,12:53 PM,07:02 AM,06:03 PM,12,22,24,22,13,25,56,0.0,1014,22,10,59,5,pune
2008-12-20 22:00:00,28,20,0.0,10.8,6,42,12:50 AM,12:53 PM,07:02 AM,06:03 PM,12,21,24,21,9,26,56,0.0,1014,21,10,60,5,pune
2008-12-20 23:00:00,28,20,0.0,10.8,6,42,12:50 AM,12:53 PM,07:02 AM,06:03 PM,12,21,24,21,14,27,56,0.0,1014,21,10,60,6,pune
2008-12-21 00:00:00,30,19,0.0,11.0,6,35,01:42 AM,01:29 PM,07:02 AM,06:03 PM,12,21,24,21,10,27,55,0.0,1014,21,10,61,6,pune
2008-12-21 01:00:00,30,19,0.0,11.0,6,35,01:42 AM,01:29 PM,07:02 AM,06:03 PM,12,21,21,21,13,29,56,0.0,1014,21,10,47,5,pune
2008-12-21 02:00:00,30,19,0.0,11.0,6,35,01:42 AM,01:29 PM,07:02 AM,06:03 PM,13,19,19,19,13,31,56,0.0,1014,19,10,33,4,pune
2008-12-21 03:00:00,30,19,0.0,11.0,6,35,01:42 AM,01:29 PM,07:02 AM,06:03 PM,13,19,19,19,12,32,57,0.0,1014,19,10,19,3,pune
2008-12-21 04:00:00,30,19,0.0,11.0,6,35,01:42 AM,01:29 PM,07:02 AM,06:03 PM,13,19,19,19,12,28,53,0.0,1014,19,10,36,4,pune
2008-12-21 05:00:00,30,19,0.0,11.0,6,35,01:42 AM,01:29 PM,07:02 AM,06:03 PM,12,19,19,19,12,25,50,0.0,1014,19,10,53,5,pune
2008-12-21 06:00:00,30,19,0.0,11.0,6,35,01:42 AM,01:29 PM,07:02 AM,06:03 PM,12,20,20,20,12,21,47,0.0,1015,20,10,71,6,pune
2008-12-21 07:00:00,30,19,0.0,11.0,6,35,01:42 AM,01:29 PM,07:02 AM,06:03 PM,12,20,20,20,13,20,42,0.0,1014,20,10,85,7,pune
2008-12-21 08:00:00,30,19,0.0,11.0,6,35,01:42 AM,01:29 PM,07:02 AM,06:03 PM,12,25,25,23,15,18,36,0.0,1014,23,10,99,7,pune
2008-12-21 09:00:00,30,19,0.0,11.0,6,35,01:42 AM,01:29 PM,07:02 AM,06:03 PM,12,26,26,25,16,17,31,0.0,1014,25,10,114,8,pune
2008-12-21 10:00:00,30,19,0.0,11.0,6,35,01:42 AM,01:29 PM,07:02 AM,06:03 PM,11,27,27,27,16,13,28,0.0,1013,27,10,114,7,pune
2008-12-21 11:00:00,30,19,0.0,11.0,6,35,01:42 AM,01:29 PM,07:02 AM,06:03 PM,11,28,28,29,17,9,25,0.0,1012,29,10,114,6,pune
2008-12-21 12:00:00,30,19,0.0,11.0,6,35,01:42 AM,01:29 PM,07:02 AM,06:03 PM,11,29,29,30,14,5,22,0.0,1010,30,10,114,5,pune
2008-12-21 13:00:00,30,19,0.0,11.0,6,35,01:42 AM,01:29 PM,07:02 AM,06:03 PM,11,29,29,29,14,5,27,0.0,1010,29,10,115,5,pune
2008-12-21 14:00:00,30,19,0.0,11.0,6,35,01:42 AM,01:29 PM,07:02 AM,06:03 PM,10,28,28,29,13,4,31,0.0,1011,29,10,115,4,pune
2008-12-21 15:00:00,30,19,0.0,11.0,6,35,01:42 AM,01:29 PM,07:02 AM,06:03 PM,11,27,27,28,12,4,36,0.0,1011,28,10,116,4,pune
2008-12-21 16:00:00,30,19,0.0,11.0,6,35,01:42 AM,01:29 PM,07:02 AM,06:03 PM,12,27,27,27,8,4,39,0.0,1011,27,10,109,4,pune
2008-12-21 17:00:00,30,19,0.0,11.0,6,35,01:42 AM,01:29 PM,07:02 AM,06:03 PM,12,26,26,26,8,5,43,0.0,1012,26,10,102,4,pune
2008-12-21 18:00:00,30,19,0.0,11.0,6,35,01:42 AM,01:29 PM,07:02 AM,06:03 PM,12,25,25,25,9,5,46,0.0,1013,25,10,95,5,pune
2008-12-21 19:00:00,30,19,0.0,11.0,6,35,01:42 AM,01:29 PM,07:02 AM,06:03 PM,11,25,25,23,10,5,45,0.0,1013,23,10,96,5,pune
2008-12-21 20:00:00,30,19,0.0,11.0,6,35,01:42 AM,01:29 PM,07:02 AM,06:03 PM,10,25,25,23,11,5,45,0.0,1013,23,10,97,6,pune
2008-12-21 21:00:00,30,19,0.0,11.0,6,35,01:42 AM,01:29 PM,07:02 AM,06:03 PM,10,24,24,23,12,5,44,0.0,1014,23,10,98,7,pune
2008-12-21 22:00:00,30,19,0.0,11.0,6,35,01:42 AM,01:29 PM,07:02 AM,06:03 PM,10,24,24,22,13,19,45,0.0,1014,22,10,95,7,pune
2008-12-21 23:00:00,30,19,0.0,11.0,6,35,01:42 AM,01:29 PM,07:02 AM,06:03 PM,9,22,24,22,13,32,45,0.0,1013,22,10,92,8,pune
2008-12-22 00:00:00,30,20,0.0,11.0,6,27,02:33 AM,02:06 PM,07:03 AM,06:04 PM,9,21,24,21,14,45,46,0.0,1013,21,10,89,8,pune
2008-12-22 01:00:00,30,20,0.0,11.0,6,27,02:33 AM,02:06 PM,07:03 AM,06:04 PM,9,21,21,21,11,35,48,0.0,1013,21,10,87,7,pune
2008-12-22 02:00:00,30,20,0.0,11.0,6,27,02:33 AM,02:06 PM,07:03 AM,06:04 PM,9,20,20,20,9,26,49,0.0,1014,20,10,85,5,pune
2008-12-22 03:00:00,30,20,0.0,11.0,6,27,02:33 AM,02:06 PM,07:03 AM,06:04 PM,9,20,20,20,11,17,50,0.0,1014,20,10,82,4,pune
2008-12-22 04:00:00,30,20,0.0,11.0,6,27,02:33 AM,02:06 PM,07:03 AM,06:04 PM,11,20,20,20,12,15,50,0.0,1014,20,10,88,5,pune
2008-12-22 05:00:00,30,20,0.0,11.0,6,27,02:33 AM,02:06 PM,07:03 AM,06:04 PM,11,20,20,20,13,13,49,0.0,1015,20,10,94,6,pune
2008-12-22 06:00:00,30,20,0.0,11.0,6,27,02:33 AM,02:06 PM,07:03 AM,06:04 PM,12,20,20,20,13,12,49,0.0,1015,20,10,99,7,pune
2008-12-22 07:00:00,30,20,0.0,11.0,6,27,02:33 AM,02:06 PM,07:03 AM,06:04 PM,12,21,21,21,14,9,42,0.0,1015,21,10,106,8,pune
2008-12-22 08:00:00,30,20,0.0,11.0,6,27,02:33 AM,02:06 PM,07:03 AM,06:04 PM,12,25,25,23,15,7,36,0.0,1015,23,10,114,9,pune
2008-12-22 09:00:00,30,20,0.0,11.0,6,27,02:33 AM,02:06 PM,07:03 AM,06:04 PM,11,26,26,26,16,4,29,0.0,1015,26,10,121,10,pune
2008-12-22 10:00:00,30,20,0.0,11.0,6,27,02:33 AM,02:06 PM,07:03 AM,06:04 PM,10,27,27,28,16,6,27,0.0,1014,28,10,109,8,pune
2008-12-22 11:00:00,30,20,0.0,11.0,6,27,02:33 AM,02:06 PM,07:03 AM,06:04 PM,10,28,28,29,17,7,25,0.0,1013,29,10,98,7,pune
2008-12-22 12:00:00,30,20,0.0,11.0,6,27,02:33 AM,02:06 PM,07:03 AM,06:04 PM,10,29,29,30,15,8,23,0.0,1012,30,10,86,5,pune
2008-12-22 13:00:00,30,20,0.0,11.0,6,27,02:33 AM,02:06 PM,07:03 AM,06:04 PM,9,29,29,30,14,11,26,0.0,1012,30,10,80,5,pune
2008-12-22 14:00:00,30,20,0.0,11.0,6,27,02:33 AM,02:06 PM,07:03 AM,06:04 PM,9,28,28,29,8,13,30,0.0,1012,29,10,74,5,pune
2008-12-22 15:00:00,30,20,0.0,11.0,6,27,02:33 AM,02:06 PM,07:03 AM,06:04 PM,10,27,27,27,9,16,34,0.0,1012,27,10,69,5,pune
2008-12-22 16:00:00,30,20,0.0,11.0,6,27,02:33 AM,02:06 PM,07:03 AM,06:04 PM,10,26,26,27,10,18,36,0.0,1013,27,10,69,5,pune
2008-12-22 17:00:00,30,20,0.0,11.0,6,27,02:33 AM,02:06 PM,07:03 AM,06:04 PM,10,26,26,26,12,21,37,0.0,1013,26,10,70,6,pune
2008-12-22 18:00:00,30,20,0.0,11.0,6,27,02:33 AM,02:06 PM,07:03 AM,06:04 PM,10,25,25,24,14,23,38,0.0,1014,24,10,70,7,pune
2008-12-22 19:00:00,30,20,0.0,11.0,6,27,02:33 AM,02:06 PM,07:03 AM,06:04 PM,10,25,25,24,14,18,39,0.0,1014,24,10,72,7,pune
2008-12-22 20:00:00,30,20,0.0,11.0,6,27,02:33 AM,02:06 PM,07:03 AM,06:04 PM,8,24,24,23,14,14,39,0.0,1014,23,10,73,8,pune
2008-12-22 21:00:00,30,20,0.0,11.0,6,27,02:33 AM,02:06 PM,07:03 AM,06:04 PM,8,24,24,22,14,9,40,0.0,1015,22,10,75,8,pune
2008-12-22 22:00:00,30,20,0.0,11.0,6,27,02:33 AM,02:06 PM,07:03 AM,06:04 PM,9,24,24,22,13,9,42,0.0,1014,22,10,79,8,pune
2008-12-22 23:00:00,30,20,0.0,11.0,6,27,02:33 AM,02:06 PM,07:03 AM,06:04 PM,9,22,24,22,13,9,43,0.0,1014,22,10,84,8,pune
2008-12-23 00:00:00,30,19,0.0,11.0,6,20,03:25 AM,02:46 PM,07:03 AM,06:04 PM,9,22,24,22,12,9,45,0.0,1014,22,10,88,8,pune
2008-12-23 01:00:00,30,19,0.0,11.0,6,20,03:25 AM,02:46 PM,07:03 AM,06:04 PM,9,21,24,21,10,12,47,0.0,1014,21,10,74,7,pune
2008-12-23 02:00:00,30,19,0.0,11.0,6,20,03:25 AM,02:46 PM,07:03 AM,06:04 PM,9,21,21,21,9,15,48,0.0,1014,21,10,60,5,pune
2008-12-23 03:00:00,30,19,0.0,11.0,6,20,03:25 AM,02:46 PM,07:03 AM,06:04 PM,11,19,19,19,11,17,50,0.0,1014,19,10,46,4,pune
2008-12-23 04:00:00,30,19,0.0,11.0,6,20,03:25 AM,02:46 PM,07:03 AM,06:04 PM,11,19,19,19,11,19,50,0.0,1015,19,10,62,5,pune
2008-12-23 05:00:00,30,19,0.0,11.0,6,20,03:25 AM,02:46 PM,07:03 AM,06:04 PM,11,19,19,19,12,21,50,0.0,1016,19,10,78,6,pune
2008-12-23 06:00:00,30,19,0.0,11.0,6,20,03:25 AM,02:46 PM,07:03 AM,06:04 PM,11,20,20,20,13,23,50,0.0,1016,20,10,94,6,pune
2008-12-23 07:00:00,30,19,0.0,11.0,6,20,03:25 AM,02:46 PM,07:03 AM,06:04 PM,12,21,21,21,13,21,43,0.0,1016,21,10,106,7,pune
2008-12-23 08:00:00,30,19,0.0,11.0,6,20,03:25 AM,02:46 PM,07:03 AM,06:04 PM,12,25,25,23,15,19,36,0.0,1016,23,10,119,7,pune
2008-12-23 09:00:00,30,19,0.0,11.0,6,20,03:25 AM,02:46 PM,07:03 AM,06:04 PM,11,26,26,26,15,18,30,0.0,1016,26,10,131,7,pune
2008-12-23 10:00:00,30,19,0.0,11.0,6,20,03:25 AM,02:46 PM,07:03 AM,06:04 PM,11,27,27,28,16,18,28,0.0,1015,28,10,118,6,pune
2008-12-23 11:00:00,30,19,0.0,11.0,6,20,03:25 AM,02:46 PM,07:03 AM,06:04 PM,10,28,28,29,16,19,27,0.0,1014,29,10,104,6,pune
2008-12-23 12:00:00,30,19,0.0,11.0,6,20,03:25 AM,02:46 PM,07:03 AM,06:04 PM,10,29,29,30,16,20,25,0.0,1013,30,10,91,5,pune
2008-12-23 13:00:00,30,19,0.0,11.0,6,20,03:25 AM,02:46 PM,07:03 AM,06:04 PM,10,29,29,30,14,22,29,0.0,1013,30,10,86,5,pune
2008-12-23 14:00:00,30,19,0.0,11.0,6,20,03:25 AM,02:46 PM,07:03 AM,06:04 PM,11,28,28,29,11,25,32,0.0,1013,29,10,81,4,pune
2008-12-23 15:00:00,30,19,0.0,11.0,6,20,03:25 AM,02:46 PM,07:03 AM,06:04 PM,11,27,27,28,10,27,36,0.0,1012,28,10,76,4,pune
2008-12-23 16:00:00,30,19,0.0,11.0,6,20,03:25 AM,02:46 PM,07:03 AM,06:04 PM,11,27,27,27,11,22,41,0.0,1013,27,10,82,3,pune
2008-12-23 17:00:00,30,19,0.0,11.0,6,20,03:25 AM,02:46 PM,07:03 AM,06:04 PM,11,26,26,26,11,17,45,0.0,1014,26,10,88,3,pune
2008-12-23 18:00:00,30,19,0.0,11.0,6,20,03:25 AM,02:46 PM,07:03 AM,06:04 PM,11,25,25,24,11,12,50,0.0,1015,24,10,95,3,pune
2008-12-23 19:00:00,30,19,0.0,11.0,6,20,03:25 AM,02:46 PM,07:03 AM,06:04 PM,11,25,25,23,7,10,52,0.0,1015,23,10,95,3,pune
2008-12-23 20:00:00,30,19,0.0,11.0,6,20,03:25 AM,02:46 PM,07:03 AM,06:04 PM,11,22,24,22,7,8,55,0.0,1015,22,10,95,3,pune
2008-12-23 21:00:00,30,19,0.0,11.0,6,20,03:25 AM,02:46 PM,07:03 AM,06:04 PM,11,21,21,21,7,6,57,0.0,1015,21,10,95,3,pune
2008-12-23 22:00:00,30,19,0.0,11.0,6,20,03:25 AM,02:46 PM,07:03 AM,06:04 PM,10,20,20,20,9,5,56,0.0,1014,20,10,95,4,pune
2008-12-23 23:00:00,30,19,0.0,11.0,6,20,03:25 AM,02:46 PM,07:03 AM,06:04 PM,10,20,20,20,10,5,54,0.0,1014,20,10,96,5,pune
2008-12-24 00:00:00,32,19,0.0,11.0,6,13,04:18 AM,03:29 PM,07:04 AM,06:05 PM,10,20,20,20,12,4,53,0.0,1014,20,10,97,6,pune
2008-12-24 01:00:00,32,19,0.0,11.0,6,13,04:18 AM,03:29 PM,07:04 AM,06:05 PM,10,19,19,19,11,4,53,0.0,1014,19,10,107,5,pune
2008-12-24 02:00:00,32,19,0.0,11.0,6,13,04:18 AM,03:29 PM,07:04 AM,06:05 PM,9,19,19,19,10,4,54,0.0,1014,19,10,116,5,pune
2008-12-24 03:00:00,32,19,0.0,11.0,6,13,04:18 AM,03:29 PM,07:04 AM,06:05 PM,9,19,19,19,8,4,54,0.0,1014,19,10,125,4,pune
2008-12-24 04:00:00,32,19,0.0,11.0,6,13,04:18 AM,03:29 PM,07:04 AM,06:05 PM,10,19,19,19,8,4,51,0.0,1015,19,10,115,4,pune
2008-12-24 05:00:00,32,19,0.0,11.0,6,13,04:18 AM,03:29 PM,07:04 AM,06:05 PM,11,20,20,20,11,4,47,0.0,1016,20,10,105,5,pune
2008-12-24 06:00:00,32,19,0.0,11.0,6,13,04:18 AM,03:29 PM,07:04 AM,06:05 PM,11,21,21,21,11,4,44,0.0,1016,21,10,94,5,pune
2008-12-24 07:00:00,32,19,0.0,11.0,6,13,04:18 AM,03:29 PM,07:04 AM,06:05 PM,11,22,24,22,11,4,38,0.0,1016,22,10,96,5,pune
2008-12-24 08:00:00,32,19,0.0,11.0,6,13,04:18 AM,03:29 PM,07:04 AM,06:05 PM,12,25,25,24,13,4,32,0.0,1016,24,10,98,5,pune
2008-12-24 09:00:00,32,19,0.0,11.0,6,13,04:18 AM,03:29 PM,07:04 AM,06:05 PM,12,27,27,27,13,3,26,0.0,1016,27,10,100,5,pune
2008-12-24 10:00:00,32,19,0.0,11.0,6,13,04:18 AM,03:29 PM,07:04 AM,06:05 PM,12,29,29,29,13,2,24,0.0,1015,29,10,111,3,pune
2008-12-24 11:00:00,32,19,0.0,11.0,6,13,04:18 AM,03:29 PM,07:04 AM,06:05 PM,12,30,30,31,14,1,22,0.0,1014,31,10,121,2,pune
2008-12-24 12:00:00,32,19,0.0,11.0,6,13,04:18 AM,03:29 PM,07:04 AM,06:05 PM,11,31,31,32,11,0,20,0.0,1013,32,10,131,0,pune
2008-12-24 13:00:00,32,19,0.0,11.0,6,13,04:18 AM,03:29 PM,07:04 AM,06:05 PM,11,30,30,31,10,0,25,0.0,1013,31,10,192,1,pune
2008-12-24 14:00:00,32,19,0.0,11.0,6,13,04:18 AM,03:29 PM,07:04 AM,06:05 PM,12,30,30,30,8,0,30,0.0,1013,30,10,253,1,pune
2008-12-24 15:00:00,32,19,0.0,11.0,6,13,04:18 AM,03:29 PM,07:04 AM,06:05 PM,13,30,30,30,9,0,35,0.0,1013,30,10,313,2,pune
2008-12-24 16:00:00,32,19,0.0,11.0,6,13,04:18 AM,03:29 PM,07:04 AM,06:05 PM,13,28,28,28,11,0,40,0.0,1013,28,10,303,2,pune
2008-12-24 17:00:00,32,19,0.0,11.0,6,13,04:18 AM,03:29 PM,07:04 AM,06:05 PM,12,27,27,27,12,0,46,0.0,1014,27,10,294,3,pune
2008-12-24 18:00:00,32,19,0.0,11.0,6,13,04:18 AM,03:29 PM,07:04 AM,06:05 PM,13,26,26,25,13,0,51,0.0,1014,25,10,284,4,pune
2008-12-24 19:00:00,32,19,0.0,11.0,6,13,04:18 AM,03:29 PM,07:04 AM,06:05 PM,12,25,25,23,12,0,51,0.0,1015,23,10,306,3,pune
2008-12-24 20:00:00,32,19,0.0,11.0,6,13,04:18 AM,03:29 PM,07:04 AM,06:05 PM,12,24,24,22,12,0,51,0.0,1015,22,10,329,3,pune
2008-12-24 21:00:00,32,19,0.0,11.0,6,13,04:18 AM,03:29 PM,07:04 AM,06:05 PM,11,22,24,22,12,0,52,0.0,1015,22,10,351,3,pune
2008-12-24 22:00:00,32,19,0.0,11.0,6,13,04:18 AM,03:29 PM,07:04 AM,06:05 PM,10,21,24,21,12,0,51,0.0,1015,21,10,250,4,pune
2008-12-24 23:00:00,32,19,0.0,11.0,6,13,04:18 AM,03:29 PM,07:04 AM,06:05 PM,10,21,21,21,9,0,49,0.0,1015,21,10,149,4,pune
2008-12-25 00:00:00,31,19,0.0,11.0,6,5,05:11 AM,04:16 PM,07:04 AM,06:05 PM,9,20,20,20,10,0,48,0.0,1015,20,10,49,5,pune
2008-12-25 01:00:00,31,19,0.0,11.0,6,5,05:11 AM,04:16 PM,07:04 AM,06:05 PM,9,20,20,20,10,1,48,0.0,1015,20,10,58,5,pune
2008-12-25 02:00:00,31,19,0.0,11.0,6,5,05:11 AM,04:16 PM,07:04 AM,06:05 PM,8,20,20,20,10,1,48,0.0,1015,20,10,67,5,pune
2008-12-25 03:00:00,31,19,0.0,11.0,6,5,05:11 AM,04:16 PM,07:04 AM,06:05 PM,8,19,19,19,10,2,48,0.0,1015,19,10,77,5,pune
2008-12-25 04:00:00,31,19,0.0,11.0,6,5,05:11 AM,04:16 PM,07:04 AM,06:05 PM,8,20,20,20,9,2,46,0.0,1015,20,10,80,5,pune
2008-12-25 05:00:00,31,19,0.0,11.0,6,5,05:11 AM,04:16 PM,07:04 AM,06:05 PM,9,21,21,21,9,3,45,0.0,1016,21,10,84,6,pune
2008-12-25 06:00:00,31,19,0.0,11.0,6,5,05:11 AM,04:16 PM,07:04 AM,06:05 PM,10,20,20,20,8,4,44,0.0,1016,20,10,87,6,pune
2008-12-25 07:00:00,31,19,0.0,11.0,6,5,05:11 AM,04:16 PM,07:04 AM,06:05 PM,10,21,24,21,8,4,38,0.0,1016,21,10,94,6,pune
2008-12-25 08:00:00,31,19,0.0,11.0,6,5,05:11 AM,04:16 PM,07:04 AM,06:05 PM,12,25,25,23,12,4,33,0.0,1016,23,10,100,6,pune
2008-12-25 09:00:00,31,19,0.0,11.0,6,5,05:11 AM,04:16 PM,07:04 AM,06:05 PM,11,27,27,27,13,4,27,0.0,1016,27,10,106,6,pune
2008-12-25 10:00:00,31,19,0.0,11.0,6,5,05:11 AM,04:16 PM,07:04 AM,06:05 PM,11,28,28,29,13,4,26,0.0,1015,29,10,89,5,pune
2008-12-25 11:00:00,31,19,0.0,11.0,6,5,05:11 AM,04:16 PM,07:04 AM,06:05 PM,11,29,29,30,14,3,25,0.0,1014,30,10,73,3,pune
2008-12-25 12:00:00,31,19,0.0,11.0,6,5,05:11 AM,04:16 PM,07:04 AM,06:05 PM,11,30,30,31,12,3,24,0.0,1013,31,10,56,2,pune
2008-12-25 13:00:00,31,19,0.0,11.0,6,5,05:11 AM,04:16 PM,07:04 AM,06:05 PM,11,30,30,31,10,3,28,0.0,1013,31,10,83,2,pune
2008-12-25 14:00:00,31,19,0.0,11.0,6,5,05:11 AM,04:16 PM,07:04 AM,06:05 PM,12,30,30,30,10,3,33,0.0,1012,30,10,111,1,pune
2008-12-25 15:00:00,31,19,0.0,11.0,6,5,05:11 AM,04:16 PM,07:04 AM,06:05 PM,13,28,28,29,10,3,37,0.0,1012,29,10,138,1,pune
2008-12-25 16:00:00,31,19,0.0,11.0,6,5,05:11 AM,04:16 PM,07:04 AM,06:05 PM,11,27,27,28,11,3,43,0.0,1013,28,10,125,1,pune
2008-12-25 17:00:00,31,19,0.0,11.0,6,5,05:11 AM,04:16 PM,07:04 AM,06:05 PM,11,26,26,26,11,3,49,0.0,1013,26,10,113,1,pune
2008-12-25 18:00:00,31,19,0.0,11.0,6,5,05:11 AM,04:16 PM,07:04 AM,06:05 PM,11,25,25,24,10,3,55,0.0,1013,24,10,101,2,pune
2008-12-25 19:00:00,31,19,0.0,11.0,6,5,05:11 AM,04:16 PM,07:04 AM,06:05 PM,11,24,24,22,11,3,56,0.0,1014,22,10,114,3,pune
2008-12-25 20:00:00,31,19,0.0,11.0,6,5,05:11 AM,04:16 PM,07:04 AM,06:05 PM,11,21,24,21,7,3,58,0.0,1014,21,10,127,3,pune
2008-12-25 21:00:00,31,19,0.0,11.0,6,5,05:11 AM,04:16 PM,07:04 AM,06:05 PM,11,19,19,19,9,3,60,0.0,1014,19,10,140,4,pune
2008-12-25 22:00:00,31,19,0.0,11.0,6,5,05:11 AM,04:16 PM,07:04 AM,06:05 PM,10,19,19,19,10,3,58,0.0,1014,19,10,127,5,pune
2008-12-25 23:00:00,31,19,0.0,11.0,6,5,05:11 AM,04:16 PM,07:04 AM,06:05 PM,10,19,19,19,11,3,56,0.0,1014,19,10,114,5,pune
2008-12-26 00:00:00,32,18,0.0,11.0,6,0,06:03 AM,05:06 PM,07:05 AM,06:06 PM,10,19,19,19,11,2,54,0.0,1014,19,10,101,5,pune
2008-12-26 01:00:00,32,18,0.0,11.0,6,0,06:03 AM,05:06 PM,07:05 AM,06:06 PM,9,19,19,19,12,2,54,0.0,1014,19,10,113,6,pune
2008-12-26 02:00:00,32,18,0.0,11.0,6,0,06:03 AM,05:06 PM,07:05 AM,06:06 PM,9,19,19,19,12,3,53,0.0,1014,19,10,125,6,pune
2008-12-26 03:00:00,32,18,0.0,11.0,6,0,06:03 AM,05:06 PM,07:05 AM,06:06 PM,9,18,18,18,13,3,53,0.0,1014,18,10,136,7,pune
2008-12-26 04:00:00,32,18,0.0,11.0,6,0,06:03 AM,05:06 PM,07:05 AM,06:06 PM,9,20,20,20,11,2,50,0.0,1014,20,10,132,7,pune
2008-12-26 05:00:00,32,18,0.0,11.0,6,0,06:03 AM,05:06 PM,07:05 AM,06:06 PM,9,20,20,20,10,1,47,0.0,1015,20,10,127,7,pune
2008-12-26 06:00:00,32,18,0.0,11.0,6,0,06:03 AM,05:06 PM,07:05 AM,06:06 PM,9,20,20,20,8,0,44,0.0,1015,20,10,123,7,pune
2008-12-26 07:00:00,32,18,0.0,11.0,6,0,06:03 AM,05:06 PM,07:05 AM,06:06 PM,9,21,24,21,8,0,37,0.0,1015,21,10,128,7,pune
2008-12-26 08:00:00,32,18,0.0,11.0,6,0,06:03 AM,05:06 PM,07:05 AM,06:06 PM,10,25,25,24,8,0,31,0.0,1015,24,10,133,7,pune
2008-12-26 09:00:00,32,18,0.0,11.0,6,0,06:03 AM,05:06 PM,07:05 AM,06:06 PM,9,26,26,27,13,0,25,0.0,1015,27,10,139,8,pune
2008-12-26 10:00:00,32,18,0.0,11.0,6,0,06:03 AM,05:06 PM,07:05 AM,06:06 PM,9,28,28,29,12,0,22,0.0,1014,29,10,146,6,pune
2008-12-26 11:00:00,32,18,0.0,11.0,6,0,06:03 AM,05:06 PM,07:05 AM,06:06 PM,8,29,29,31,11,0,20,0.0,1013,31,10,153,4,pune
2008-12-26 12:00:00,32,18,0.0,11.0,6,0,06:03 AM,05:06 PM,07:05 AM,06:06 PM,7,30,30,32,9,0,18,0.0,1012,32,10,161,2,pune
2008-12-26 13:00:00,32,18,0.0,11.0,6,0,06:03 AM,05:06 PM,07:05 AM,06:06 PM,7,30,30,32,8,0,23,0.0,1012,32,10,199,2,pune
2008-12-26 14:00:00,32,18,0.0,11.0,6,0,06:03 AM,05:06 PM,07:05 AM,06:06 PM,11,31,31,32,8,0,28,0.0,1012,32,10,237,2,pune
2008-12-26 15:00:00,32,18,0.0,11.0,6,0,06:03 AM,05:06 PM,07:05 AM,06:06 PM,12,29,29,30,8,0,34,0.0,1012,30,10,275,2,pune
2008-12-26 16:00:00,32,18,0.0,11.0,6,0,06:03 AM,05:06 PM,07:05 AM,06:06 PM,7,28,28,29,8,0,39,0.0,1012,29,10,276,3,pune
2008-12-26 17:00:00,32,18,0.0,11.0,6,0,06:03 AM,05:06 PM,07:05 AM,06:06 PM,9,26,26,27,6,0,45,0.0,1013,27,10,276,3,pune
2008-12-26 18:00:00,32,18,0.0,11.0,6,0,06:03 AM,05:06 PM,07:05 AM,06:06 PM,10,25,25,25,8,0,50,0.0,1014,25,10,277,4,pune
2008-12-26 19:00:00,32,18,0.0,11.0,6,0,06:03 AM,05:06 PM,07:05 AM,06:06 PM,10,25,25,24,9,0,53,0.0,1014,24,10,302,4,pune
2008-12-26 20:00:00,32,18,0.0,11.0,6,0,06:03 AM,05:06 PM,07:05 AM,06:06 PM,12,22,24,22,9,0,55,0.0,1014,22,10,328,4,pune
2008-12-26 21:00:00,32,18,0.0,11.0,6,0,06:03 AM,05:06 PM,07:05 AM,06:06 PM,12,21,24,21,9,0,57,0.0,1014,21,10,353,4,pune
2008-12-26 22:00:00,32,18,0.0,11.0,6,0,06:03 AM,05:06 PM,07:05 AM,06:06 PM,10,19,19,19,9,0,58,0.0,1014,19,10,249,4,pune
2008-12-26 23:00:00,32,18,0.0,11.0,6,0,06:03 AM,05:06 PM,07:05 AM,06:06 PM,10,19,19,19,8,0,59,0.0,1014,19,10,146,4,pune
2008-12-27 00:00:00,31,17,0.0,11.0,6,0,06:54 AM,05:58 PM,07:05 AM,06:06 PM,10,18,18,18,8,0,60,0.0,1014,18,10,42,4,pune
2008-12-27 01:00:00,31,17,0.0,11.0,6,0,06:54 AM,05:58 PM,07:05 AM,06:06 PM,10,17,17,17,8,0,59,0.0,1013,17,10,51,4,pune
2008-12-27 02:00:00,31,17,0.0,11.0,6,0,06:54 AM,05:58 PM,07:05 AM,06:06 PM,10,17,17,17,9,0,59,0.0,1013,17,10,61,4,pune
2008-12-27 03:00:00,31,17,0.0,11.0,6,0,06:54 AM,05:58 PM,07:05 AM,06:06 PM,10,17,17,17,9,0,58,0.0,1013,17,10,70,4,pune
2008-12-27 04:00:00,31,17,0.0,11.0,6,0,06:54 AM,05:58 PM,07:05 AM,06:06 PM,10,18,18,18,7,0,50,0.0,1014,18,10,69,4,pune
2008-12-27 05:00:00,31,17,0.0,11.0,6,0,06:54 AM,05:58 PM,07:05 AM,06:06 PM,9,19,19,19,5,0,41,0.0,1015,19,10,68,3,pune
2008-12-27 06:00:00,31,17,0.0,11.0,6,0,06:54 AM,05:58 PM,07:05 AM,06:06 PM,9,20,20,20,3,0,33,0.0,1015,20,10,67,3,pune
2008-12-27 07:00:00,31,17,0.0,11.0,6,0,06:54 AM,05:58 PM,07:05 AM,06:06 PM,8,22,24,22,3,0,27,0.0,1015,22,10,149,3,pune
2008-12-27 08:00:00,31,17,0.0,11.0,6,0,06:54 AM,05:58 PM,07:05 AM,06:06 PM,8,25,25,24,7,0,21,0.0,1015,24,10,230,3,pune
2008-12-27 09:00:00,31,17,0.0,11.0,6,0,06:54 AM,05:58 PM,07:05 AM,06:06 PM,6,26,26,27,8,0,16,0.0,1015,27,10,311,3,pune
2008-12-27 10:00:00,31,17,0.0,11.0,6,0,06:54 AM,05:58 PM,07:05 AM,06:06 PM,5,27,27,29,9,0,15,0.0,1014,29,10,305,4,pune
2008-12-27 11:00:00,31,17,0.0,11.0,6,0,06:54 AM,05:58 PM,07:05 AM,06:06 PM,4,28,28,30,6,0,13,0.0,1013,30,10,299,6,pune
2008-12-27 12:00:00,31,17,0.0,11.0,6,0,06:54 AM,05:58 PM,07:05 AM,06:06 PM,2,29,29,31,12,0,12,0.0,1012,31,10,292,7,pune
2008-12-27 13:00:00,31,17,0.0,11.0,6,0,06:54 AM,05:58 PM,07:05 AM,06:06 PM,2,29,29,31,14,0,15,0.0,1012,31,10,293,7,pune
2008-12-27 14:00:00,31,17,0.0,11.0,6,0,06:54 AM,05:58 PM,07:05 AM,06:06 PM,3,28,28,30,16,0,18,0.0,1012,30,10,295,6,pune
2008-12-27 15:00:00,31,17,0.0,11.0,6,0,06:54 AM,05:58 PM,07:05 AM,06:06 PM,4,27,27,29,17,0,21,0.0,1012,29,10,296,6,pune
2008-12-27 16:00:00,31,17,0.0,11.0,6,0,06:54 AM,05:58 PM,07:05 AM,06:06 PM,3,26,26,28,17,0,27,0.0,1013,28,10,303,6,pune
2008-12-27 17:00:00,31,17,0.0,11.0,6,0,06:54 AM,05:58 PM,07:05 AM,06:06 PM,5,25,25,26,17,0,33,0.0,1013,26,10,310,6,pune
2008-12-27 18:00:00,31,17,0.0,11.0,6,0,06:54 AM,05:58 PM,07:05 AM,06:06 PM,6,24,24,23,11,0,39,0.0,1014,23,10,317,6,pune
2008-12-27 19:00:00,31,17,0.0,11.0,6,0,06:54 AM,05:58 PM,07:05 AM,06:06 PM,8,21,24,21,11,0,41,0.0,1014,21,10,216,6,pune
2008-12-27 20:00:00,31,17,0.0,11.0,6,0,06:54 AM,05:58 PM,07:05 AM,06:06 PM,8,20,20,20,11,0,44,0.0,1014,20,10,114,5,pune
2008-12-27 21:00:00,31,17,0.0,11.0,6,0,06:54 AM,05:58 PM,07:05 AM,06:06 PM,8,20,20,20,11,0,47,0.0,1014,20,10,13,5,pune
2008-12-27 22:00:00,31,17,0.0,11.0,6,0,06:54 AM,05:58 PM,07:05 AM,06:06 PM,8,18,18,18,10,0,47,0.0,1014,18,10,23,5,pune
2008-12-27 23:00:00,31,17,0.0,11.0,6,0,06:54 AM,05:58 PM,07:05 AM,06:06 PM,8,17,17,17,10,0,47,0.0,1014,17,10,32,5,pune
2008-12-28 00:00:00,31,16,0.0,11.0,6,2,07:41 AM,06:51 PM,07:05 AM,06:07 PM,8,17,17,17,9,0,47,0.0,1014,17,10,42,5,pune
2008-12-28 01:00:00,31,16,0.0,11.0,6,2,07:41 AM,06:51 PM,07:05 AM,06:07 PM,6,17,17,17,7,0,47,0.0,1014,17,10,42,3,pune
2008-12-28 02:00:00,31,16,0.0,11.0,6,2,07:41 AM,06:51 PM,07:05 AM,06:07 PM,5,17,17,17,4,0,46,0.0,1014,17,10,42,2,pune
2008-12-28 03:00:00,31,16,0.0,11.0,6,2,07:41 AM,06:51 PM,07:05 AM,06:07 PM,5,16,16,16,1,0,46,0.0,1014,16,10,42,0,pune
2008-12-28 04:00:00,31,16,0.0,11.0,6,2,07:41 AM,06:51 PM,07:05 AM,06:07 PM,6,17,17,17,2,0,40,0.0,1014,17,10,49,1,pune
2008-12-28 05:00:00,31,16,0.0,11.0,6,2,07:41 AM,06:51 PM,07:05 AM,06:07 PM,6,18,18,18,3,0,35,0.0,1015,18,10,57,2,pune
2008-12-28 06:00:00,31,16,0.0,11.0,6,2,07:41 AM,06:51 PM,07:05 AM,06:07 PM,6,19,19,19,4,0,30,0.0,1015,19,10,65,3,pune
2008-12-28 07:00:00,31,16,0.0,11.0,6,2,07:41 AM,06:51 PM,07:05 AM,06:07 PM,5,21,21,21,3,0,24,0.0,1015,21,10,47,2,pune
2008-12-28 08:00:00,31,16,0.0,11.0,6,2,07:41 AM,06:51 PM,07:05 AM,06:07 PM,5,24,24,23,6,0,19,0.0,1015,23,10,29,1,pune
2008-12-28 09:00:00,31,16,0.0,11.0,6,2,07:41 AM,06:51 PM,07:05 AM,06:07 PM,4,26,26,27,7,0,14,0.0,1014,27,10,11,0,pune
2008-12-28 10:00:00,31,16,0.0,11.0,6,2,07:41 AM,06:51 PM,07:05 AM,06:07 PM,3,27,27,29,7,0,13,0.0,1014,29,10,115,2,pune
2008-12-28 11:00:00,31,16,0.0,11.0,6,2,07:41 AM,06:51 PM,07:05 AM,06:07 PM,2,28,28,30,8,0,11,0.0,1013,30,10,218,3,pune
2008-12-28 12:00:00,31,16,0.0,11.0,6,2,07:41 AM,06:51 PM,07:05 AM,06:07 PM,2,29,29,31,9,0,10,0.0,1012,31,10,322,4,pune
2008-12-28 13:00:00,31,16,0.0,11.0,6,2,07:41 AM,06:51 PM,07:05 AM,06:07 PM,2,28,28,31,11,0,14,0.0,1012,31,10,319,4,pune
2008-12-28 14:00:00,31,16,0.0,11.0,6,2,07:41 AM,06:51 PM,07:05 AM,06:07 PM,2,28,28,30,13,0,18,0.0,1012,30,10,316,4,pune
2008-12-28 15:00:00,31,16,0.0,11.0,6,2,07:41 AM,06:51 PM,07:05 AM,06:07 PM,4,26,26,28,14,0,22,0.0,1011,28,10,313,4,pune
2008-12-28 16:00:00,31,16,0.0,11.0,6,2,07:41 AM,06:51 PM,07:05 AM,06:07 PM,4,26,26,28,15,0,27,0.0,1012,28,10,314,4,pune
2008-12-28 17:00:00,31,16,0.0,11.0,6,2,07:41 AM,06:51 PM,07:05 AM,06:07 PM,5,25,25,26,15,0,33,0.0,1013,26,10,315,5,pune
2008-12-28 18:00:00,31,16,0.0,11.0,6,2,07:41 AM,06:51 PM,07:05 AM,06:07 PM,6,24,24,23,10,0,38,0.0,1013,23,10,316,5,pune
2008-12-28 19:00:00,31,16,0.0,11.0,6,2,07:41 AM,06:51 PM,07:05 AM,06:07 PM,6,21,24,21,10,0,41,0.0,1013,21,10,212,5,pune
2008-12-28 20:00:00,31,16,0.0,11.0,6,2,07:41 AM,06:51 PM,07:05 AM,06:07 PM,7,19,19,19,11,0,44,0.0,1014,19,10,108,5,pune
2008-12-28 21:00:00,31,16,0.0,11.0,6,2,07:41 AM,06:51 PM,07:05 AM,06:07 PM,7,19,19,19,11,0,46,0.0,1014,19,10,4,5,pune
2008-12-28 22:00:00,31,16,0.0,11.0,6,2,07:41 AM,06:51 PM,07:05 AM,06:07 PM,6,18,18,18,11,0,45,0.0,1014,18,10,16,5,pune
2008-12-28 23:00:00,31,16,0.0,11.0,6,2,07:41 AM,06:51 PM,07:05 AM,06:07 PM,5,17,17,17,11,0,43,0.0,1014,17,10,29,5,pune
2008-12-29 00:00:00,31,16,0.0,11.0,6,9,08:24 AM,07:44 PM,07:06 AM,06:08 PM,4,17,17,17,11,0,42,0.0,1014,17,10,41,5,pune
2008-12-29 01:00:00,31,16,0.0,11.0,6,9,08:24 AM,07:44 PM,07:06 AM,06:08 PM,3,16,16,16,10,0,40,0.0,1013,16,10,64,5,pune
2008-12-29 02:00:00,31,16,0.0,11.0,6,9,08:24 AM,07:44 PM,07:06 AM,06:08 PM,2,16,16,16,9,0,38,0.0,1013,16,10,86,4,pune
2008-12-29 03:00:00,31,16,0.0,11.0,6,9,08:24 AM,07:44 PM,07:06 AM,06:08 PM,1,16,16,16,8,0,36,0.0,1013,16,10,108,4,pune
2008-12-29 04:00:00,31,16,0.0,11.0,6,9,08:24 AM,07:44 PM,07:06 AM,06:08 PM,1,17,17,17,7,0,33,0.0,1014,17,10,101,4,pune
2008-12-29 05:00:00,31,16,0.0,11.0,6,9,08:24 AM,07:44 PM,07:06 AM,06:08 PM,1,19,19,19,7,0,30,0.0,1015,19,10,95,5,pune
2008-12-29 06:00:00,31,16,0.0,11.0,6,9,08:24 AM,07:44 PM,07:06 AM,06:08 PM,3,19,19,19,11,0,27,0.0,1015,19,10,89,6,pune
2008-12-29 07:00:00,31,16,0.0,11.0,6,9,08:24 AM,07:44 PM,07:06 AM,06:08 PM,3,20,20,20,11,0,23,0.0,1015,20,10,109,6,pune
2008-12-29 08:00:00,31,16,0.0,11.0,6,9,08:24 AM,07:44 PM,07:06 AM,06:08 PM,4,24,24,22,11,0,19,0.0,1015,22,10,129,5,pune
2008-12-29 09:00:00,31,16,0.0,11.0,6,9,08:24 AM,07:44 PM,07:06 AM,06:08 PM,4,25,25,26,11,0,16,0.0,1014,26,10,149,4,pune
2008-12-29 10:00:00,31,16,0.0,11.0,6,9,08:24 AM,07:44 PM,07:06 AM,06:08 PM,4,26,26,28,11,0,15,0.0,1013,28,10,175,4,pune
2008-12-29 11:00:00,31,16,0.0,11.0,6,9,08:24 AM,07:44 PM,07:06 AM,06:08 PM,4,28,28,30,12,0,14,0.0,1012,30,10,201,4,pune
2008-12-29 12:00:00,31,16,0.0,11.0,6,9,08:24 AM,07:44 PM,07:06 AM,06:08 PM,3,29,29,31,10,0,13,0.0,1012,31,10,227,3,pune
2008-12-29 13:00:00,31,16,0.0,11.0,6,9,08:24 AM,07:44 PM,07:06 AM,06:08 PM,4,28,28,30,9,0,18,0.0,1011,30,10,246,3,pune
2008-12-29 14:00:00,31,16,0.0,11.0,6,9,08:24 AM,07:44 PM,07:06 AM,06:08 PM,5,28,28,30,9,0,22,0.0,1011,30,10,265,2,pune
2008-12-29 15:00:00,31,16,0.0,11.0,6,9,08:24 AM,07:44 PM,07:06 AM,06:08 PM,7,27,27,28,9,0,27,0.0,1011,28,10,284,2,pune
2008-12-29 16:00:00,31,16,0.0,11.0,6,9,08:24 AM,07:44 PM,07:06 AM,06:08 PM,5,26,26,27,10,0,32,0.0,1012,27,10,293,2,pune
2008-12-29 17:00:00,31,16,0.0,11.0,6,9,08:24 AM,07:44 PM,07:06 AM,06:08 PM,6,25,25,25,10,0,38,0.0,1013,25,10,303,2,pune
2008-12-29 18:00:00,31,16,0.0,11.0,6,9,08:24 AM,07:44 PM,07:06 AM,06:08 PM,7,24,24,23,9,0,43,0.0,1014,23,10,312,3,pune
2008-12-29 19:00:00,31,16,0.0,11.0,6,9,08:24 AM,07:44 PM,07:06 AM,06:08 PM,7,21,24,21,7,0,45,0.0,1014,21,10,229,3,pune
2008-12-29 20:00:00,31,16,0.0,11.0,6,9,08:24 AM,07:44 PM,07:06 AM,06:08 PM,6,21,21,21,8,0,47,0.0,1014,21,10,145,4,pune
2008-12-29 21:00:00,31,16,0.0,11.0,6,9,08:24 AM,07:44 PM,07:06 AM,06:08 PM,6,20,20,20,9,0,48,0.0,1014,20,10,61,4,pune
2008-12-29 22:00:00,31,16,0.0,11.0,6,9,08:24 AM,07:44 PM,07:06 AM,06:08 PM,5,19,19,19,11,0,45,0.0,1014,19,10,68,5,pune
2008-12-29 23:00:00,31,16,0.0,11.0,6,9,08:24 AM,07:44 PM,07:06 AM,06:08 PM,5,19,19,19,12,0,41,0.0,1014,19,10,75,6,pune
2008-12-30 00:00:00,31,17,0.0,11.0,6,16,09:05 AM,08:35 PM,07:06 AM,06:08 PM,3,18,18,18,14,0,37,0.0,1014,18,10,82,6,pune
2008-12-30 01:00:00,31,17,0.0,11.0,6,16,09:05 AM,08:35 PM,07:06 AM,06:08 PM,3,18,18,18,12,0,37,0.0,1014,18,10,93,6,pune
2008-12-30 02:00:00,31,17,0.0,11.0,6,16,09:05 AM,08:35 PM,07:06 AM,06:08 PM,2,17,17,17,10,0,37,0.0,1014,17,10,103,5,pune
2008-12-30 03:00:00,31,17,0.0,11.0,6,16,09:05 AM,08:35 PM,07:06 AM,06:08 PM,2,17,17,17,8,0,36,0.0,1014,17,10,114,4,pune
2008-12-30 04:00:00,31,17,0.0,11.0,6,16,09:05 AM,08:35 PM,07:06 AM,06:08 PM,2,18,18,18,7,0,35,0.0,1014,18,10,112,4,pune
2008-12-30 05:00:00,31,17,0.0,11.0,6,16,09:05 AM,08:35 PM,07:06 AM,06:08 PM,5,18,18,18,7,0,33,0.0,1015,18,10,109,5,pune
2008-12-30 06:00:00,31,17,0.0,11.0,6,16,09:05 AM,08:35 PM,07:06 AM,06:08 PM,5,19,19,19,11,0,31,0.0,1016,19,10,107,6,pune
2008-12-30 07:00:00,31,17,0.0,11.0,6,16,09:05 AM,08:35 PM,07:06 AM,06:08 PM,5,20,20,20,11,0,27,0.0,1016,20,10,118,6,pune
2008-12-30 08:00:00,31,17,0.0,11.0,6,16,09:05 AM,08:35 PM,07:06 AM,06:08 PM,6,24,24,23,12,0,23,0.0,1015,23,10,128,6,pune
2008-12-30 09:00:00,31,17,0.0,11.0,6,16,09:05 AM,08:35 PM,07:06 AM,06:08 PM,6,26,26,26,13,0,19,0.0,1015,26,10,138,6,pune
2008-12-30 10:00:00,31,17,0.0,11.0,6,16,09:05 AM,08:35 PM,07:06 AM,06:08 PM,6,27,27,28,12,0,18,0.0,1014,28,10,182,5,pune
2008-12-30 11:00:00,31,17,0.0,11.0,6,16,09:05 AM,08:35 PM,07:06 AM,06:08 PM,6,28,28,30,12,0,17,0.0,1014,30,10,225,4,pune
2008-12-30 12:00:00,31,17,0.0,11.0,6,16,09:05 AM,08:35 PM,07:06 AM,06:08 PM,5,29,29,31,9,0,16,0.0,1013,31,10,269,3,pune
2008-12-30 13:00:00,31,17,0.0,11.0,6,16,09:05 AM,08:35 PM,07:06 AM,06:08 PM,6,29,29,31,10,0,21,0.0,1013,31,10,286,3,pune
2008-12-30 14:00:00,31,17,0.0,11.0,6,16,09:05 AM,08:35 PM,07:06 AM,06:08 PM,8,29,29,31,10,0,26,0.0,1013,31,10,303,3,pune
2008-12-30 15:00:00,31,17,0.0,11.0,6,16,09:05 AM,08:35 PM,07:06 AM,06:08 PM,10,28,28,29,11,0,30,0.0,1013,29,10,321,3,pune
2008-12-30 16:00:00,31,17,0.0,11.0,6,16,09:05 AM,08:35 PM,07:06 AM,06:08 PM,7,26,26,28,12,0,36,0.0,1013,28,10,312,2,pune
2008-12-30 17:00:00,31,17,0.0,11.0,6,16,09:05 AM,08:35 PM,07:06 AM,06:08 PM,8,25,25,26,12,0,41,0.0,1013,26,10,304,2,pune
2008-12-30 18:00:00,31,17,0.0,11.0,6,16,09:05 AM,08:35 PM,07:06 AM,06:08 PM,9,24,24,23,10,0,46,0.0,1014,23,10,296,2,pune
2008-12-30 19:00:00,31,17,0.0,11.0,6,16,09:05 AM,08:35 PM,07:06 AM,06:08 PM,8,22,24,22,10,0,47,0.0,1014,22,10,313,3,pune
2008-12-30 20:00:00,31,17,0.0,11.0,6,16,09:05 AM,08:35 PM,07:06 AM,06:08 PM,8,19,19,19,7,0,48,0.0,1014,19,10,331,3,pune
2008-12-30 21:00:00,31,17,0.0,11.0,6,16,09:05 AM,08:35 PM,07:06 AM,06:08 PM,7,18,18,18,8,0,49,0.0,1014,18,10,349,4,pune
2008-12-30 22:00:00,31,17,0.0,11.0,6,16,09:05 AM,08:35 PM,07:06 AM,06:08 PM,7,18,18,18,8,0,47,0.0,1014,18,10,245,4,pune
2008-12-30 23:00:00,31,17,0.0,11.0,6,16,09:05 AM,08:35 PM,07:06 AM,06:08 PM,6,18,18,18,9,0,46,0.0,1014,18,10,142,4,pune
2008-12-31 00:00:00,32,17,0.0,11.0,6,20,09:42 AM,09:26 PM,07:07 AM,06:09 PM,6,18,18,18,10,0,45,0.0,1014,18,10,39,5,pune
2008-12-31 01:00:00,32,17,0.0,11.0,6,20,09:42 AM,09:26 PM,07:07 AM,06:09 PM,5,17,17,17,8,0,44,0.0,1014,17,10,58,4,pune
2008-12-31 02:00:00,32,17,0.0,11.0,6,20,09:42 AM,09:26 PM,07:07 AM,06:09 PM,4,17,17,17,6,0,43,0.0,1014,17,10,78,3,pune
2008-12-31 03:00:00,32,17,0.0,11.0,6,20,09:42 AM,09:26 PM,07:07 AM,06:09 PM,4,17,17,17,5,0,41,0.0,1014,17,10,97,2,pune
2008-12-31 04:00:00,32,17,0.0,11.0,6,20,09:42 AM,09:26 PM,07:07 AM,06:09 PM,4,19,19,19,5,0,38,0.0,1014,19,10,92,3,pune
2008-12-31 05:00:00,32,17,0.0,11.0,6,20,09:42 AM,09:26 PM,07:07 AM,06:09 PM,6,19,19,19,6,0,35,0.0,1015,19,10,87,4,pune
2008-12-31 06:00:00,32,17,0.0,11.0,6,20,09:42 AM,09:26 PM,07:07 AM,06:09 PM,6,19,19,19,6,0,32,0.0,1015,19,10,82,5,pune
2008-12-31 07:00:00,32,17,0.0,11.0,6,20,09:42 AM,09:26 PM,07:07 AM,06:09 PM,6,21,21,21,9,0,27,0.0,1015,21,10,110,4,pune
2008-12-31 08:00:00,32,17,0.0,11.0,6,20,09:42 AM,09:26 PM,07:07 AM,06:09 PM,7,24,24,23,9,0,23,0.0,1015,23,10,139,3,pune
2008-12-31 09:00:00,32,17,0.0,11.0,6,20,09:42 AM,09:26 PM,07:07 AM,06:09 PM,7,26,26,27,9,0,19,0.0,1014,27,10,167,2,pune
2008-12-31 10:00:00,32,17,0.0,11.0,6,20,09:42 AM,09:26 PM,07:07 AM,06:09 PM,6,27,27,29,10,0,17,0.0,1014,29,10,194,2,pune
2008-12-31 11:00:00,32,17,0.0,11.0,6,20,09:42 AM,09:26 PM,07:07 AM,06:09 PM,6,28,28,30,10,0,16,0.0,1013,30,10,221,3,pune
2008-12-31 12:00:00,32,17,0.0,11.0,6,20,09:42 AM,09:26 PM,07:07 AM,06:09 PM,5,29,29,32,9,0,14,0.0,1012,32,10,248,3,pune
2008-12-31 13:00:00,32,17,0.0,11.0,6,20,09:42 AM,09:26 PM,07:07 AM,06:09 PM,5,29,29,31,10,0,19,0.0,1012,31,10,256,3,pune
2008-12-31 14:00:00,32,17,0.0,11.0,6,20,09:42 AM,09:26 PM,07:07 AM,06:09 PM,7,29,29,31,11,0,23,0.0,1012,31,10,263,3,pune
2008-12-31 15:00:00,32,17,0.0,11.0,6,20,09:42 AM,09:26 PM,07:07 AM,06:09 PM,9,28,28,29,12,0,28,0.0,1011,29,10,271,3,pune
2008-12-31 16:00:00,32,17,0.0,11.0,6,20,09:42 AM,09:26 PM,07:07 AM,06:09 PM,6,26,26,28,13,0,32,0.0,1012,28,10,270,3,pune
2008-12-31 17:00:00,32,17,0.0,11.0,6,20,09:42 AM,09:26 PM,07:07 AM,06:09 PM,7,25,25,26,13,0,37,0.0,1013,26,10,268,3,pune
2008-12-31 18:00:00,32,17,0.0,11.0,6,20,09:42 AM,09:26 PM,07:07 AM,06:09 PM,8,24,24,23,10,0,42,0.0,1013,23,10,267,3,pune
2008-12-31 19:00:00,32,17,0.0,11.0,6,20,09:42 AM,09:26 PM,07:07 AM,06:09 PM,8,24,24,22,9,0,46,0.0,1013,22,10,289,2,pune
2008-12-31 20:00:00,32,17,0.0,11.0,6,20,09:42 AM,09:26 PM,07:07 AM,06:09 PM,8,21,21,21,5,0,49,0.0,1013,21,10,311,2,pune
2008-12-31 21:00:00,32,17,0.0,11.0,6,20,09:42 AM,09:26 PM,07:07 AM,06:09 PM,8,19,19,19,5,0,53,0.0,1013,19,10,333,2,pune
2008-12-31 22:00:00,32,17,0.0,11.0,6,20,09:42 AM,09:26 PM,07:07 AM,06:09 PM,7,17,17,17,5,0,52,0.0,1013,17,10,242,3,pune
2008-12-31 23:00:00,32,17,0.0,11.0,6,20,09:42 AM,09:26 PM,07:07 AM,06:09 PM,7,17,17,17,6,0,51,0.0,1013,17,10,150,3,pune
2009-01-01 00:00:00,31,17,0.0,11.0,6,31,10:17 AM,10:16 PM,07:07 AM,06:09 PM,6,17,17,17,7,0,50,0.0,1013,17,10,59,3,pune
2009-01-01 01:00:00,31,17,0.0,11.0,6,31,10:17 AM,10:16 PM,07:07 AM,06:09 PM,5,17,17,17,9,0,46,0.0,1013,17,10,57,4,pune
2009-01-01 02:00:00,31,17,0.0,11.0,6,31,10:17 AM,10:16 PM,07:07 AM,06:09 PM,4,17,17,17,10,0,43,0.0,1013,17,10,55,5,pune
2009-01-01 03:00:00,31,17,0.0,11.0,6,31,10:17 AM,10:16 PM,07:07 AM,06:09 PM,3,17,17,17,12,0,40,0.0,1013,17,10,54,6,pune
2009-01-01 04:00:00,31,17,0.0,11.0,6,31,10:17 AM,10:16 PM,07:07 AM,06:09 PM,6,17,17,17,11,1,38,0.0,1013,17,10,68,6,pune
2009-01-01 05:00:00,31,17,0.0,11.0,6,31,10:17 AM,10:16 PM,07:07 AM,06:09 PM,6,18,18,18,9,1,35,0.0,1014,18,10,83,6,pune
2009-01-01 06:00:00,31,17,0.0,11.0,6,31,10:17 AM,10:16 PM,07:07 AM,06:09 PM,6,18,18,18,12,2,33,0.0,1015,18,10,97,6,pune
2009-01-01 07:00:00,31,17,0.0,11.0,6,31,10:17 AM,10:16 PM,07:07 AM,06:09 PM,6,20,20,20,13,2,29,0.0,1014,20,10,100,7,pune
2009-01-01 08:00:00,31,17,0.0,11.0,6,31,10:17 AM,10:16 PM,07:07 AM,06:09 PM,8,22,24,22,14,2,26,0.0,1014,22,10,103,7,pune
2009-01-01 09:00:00,31,17,0.0,11.0,6,31,10:17 AM,10:16 PM,07:07 AM,06:09 PM,8,25,25,25,15,2,23,0.0,1013,25,10,107,8,pune
2009-01-01 10:00:00,31,17,0.0,11.0,6,31,10:17 AM,10:16 PM,07:07 AM,06:09 PM,8,27,27,28,15,1,21,0.0,1013,28,10,131,6,pune
2009-01-01 11:00:00,31,17,0.0,11.0,6,31,10:17 AM,10:16 PM,07:07 AM,06:09 PM,7,28,28,29,14,1,20,0.0,1012,29,10,156,4,pune
2009-01-01 12:00:00,31,17,0.0,11.0,6,31,10:17 AM,10:16 PM,07:07 AM,06:09 PM,8,29,29,31,13,0,18,0.0,1011,31,10,181,2,pune
2009-01-01 13:00:00,31,17,0.0,11.0,6,31,10:17 AM,10:16 PM,07:07 AM,06:09 PM,8,29,29,31,12,0,23,0.0,1011,31,10,131,2,pune
2009-01-01 14:00:00,31,17,0.0,11.0,6,31,10:17 AM,10:16 PM,07:07 AM,06:09 PM,9,29,29,30,9,0,27,0.0,1011,30,10,82,2,pune
2009-01-01 15:00:00,31,17,0.0,11.0,6,31,10:17 AM,10:16 PM,07:07 AM,06:09 PM,11,29,29,30,9,0,32,0.0,1011,30,10,32,2,pune
2009-01-01 16:00:00,31,17,0.0,11.0,6,31,10:17 AM,10:16 PM,07:07 AM,06:09 PM,11,26,26,27,8,0,38,0.0,1012,27,10,22,2,pune
2009-01-01 17:00:00,31,17,0.0,11.0,6,31,10:17 AM,10:16 PM,07:07 AM,06:09 PM,10,26,26,26,8,0,44,0.0,1012,26,10,12,1,pune
2009-01-01 18:00:00,31,17,0.0,11.0,6,31,10:17 AM,10:16 PM,07:07 AM,06:09 PM,9,24,24,23,7,0,50,0.0,1013,23,10,2,1,pune
2009-01-01 19:00:00,31,17,0.0,11.0,6,31,10:17 AM,10:16 PM,07:07 AM,06:09 PM,9,22,24,22,6,0,53,0.0,1013,22,10,27,3,pune
2009-01-01 20:00:00,31,17,0.0,11.0,6,31,10:17 AM,10:16 PM,07:07 AM,06:09 PM,9,20,20,20,10,0,56,0.0,1013,20,10,52,5,pune
2009-01-01 21:00:00,31,17,0.0,11.0,6,31,10:17 AM,10:16 PM,07:07 AM,06:09 PM,9,19,19,19,14,0,59,0.0,1014,19,10,77,6,pune
2009-01-01 22:00:00,31,17,0.0,11.0,6,31,10:17 AM,10:16 PM,07:07 AM,06:09 PM,8,19,19,19,14,1,55,0.0,1013,19,10,79,7,pune
2009-01-01 23:00:00,31,17,0.0,11.0,6,31,10:17 AM,10:16 PM,07:07 AM,06:09 PM,7,18,18,18,15,2,50,0.0,1013,18,10,81,7,pune
2009-01-02 00:00:00,30,17,0.0,11.0,6,38,10:51 AM,11:06 PM,07:07 AM,06:10 PM,6,18,18,18,15,3,45,0.0,1013,18,10,83,7,pune
2009-01-02 01:00:00,30,17,0.0,11.0,6,38,10:51 AM,11:06 PM,07:07 AM,06:10 PM,6,18,18,18,13,3,45,0.0,1013,18,10,69,6,pune
2009-01-02 02:00:00,30,17,0.0,11.0,6,38,10:51 AM,11:06 PM,07:07 AM,06:10 PM,5,18,18,18,11,3,45,0.0,1013,18,10,55,5,pune
2009-01-02 03:00:00,30,17,0.0,11.0,6,38,10:51 AM,11:06 PM,07:07 AM,06:10 PM,5,17,17,17,8,4,45,0.0,1014,17,10,41,4,pune
2009-01-02 04:00:00,30,17,0.0,11.0,6,38,10:51 AM,11:06 PM,07:07 AM,06:10 PM,7,17,17,17,13,4,43,0.0,1014,17,10,62,5,pune
2009-01-02 05:00:00,30,17,0.0,11.0,6,38,10:51 AM,11:06 PM,07:07 AM,06:10 PM,8,17,17,17,14,4,42,0.0,1015,17,10,82,7,pune
2009-01-02 06:00:00,30,17,0.0,11.0,6,38,10:51 AM,11:06 PM,07:07 AM,06:10 PM,8,17,17,17,14,4,41,0.0,1015,17,10,103,8,pune
2009-01-02 07:00:00,30,17,0.0,11.0,6,38,10:51 AM,11:06 PM,07:07 AM,06:10 PM,8,19,19,19,15,4,37,0.0,1015,19,10,121,8,pune
2009-01-02 08:00:00,30,17,0.0,11.0,6,38,10:51 AM,11:06 PM,07:07 AM,06:10 PM,10,21,24,21,16,4,32,0.0,1015,21,10,139,8,pune
2009-01-02 09:00:00,30,17,0.0,11.0,6,38,10:51 AM,11:06 PM,07:07 AM,06:10 PM,9,25,25,25,17,4,28,0.0,1015,25,10,158,8,pune
2009-01-02 10:00:00,30,17,0.0,11.0,6,38,10:51 AM,11:06 PM,07:07 AM,06:10 PM,10,26,26,27,18,4,27,0.0,1014,27,10,157,7,pune
2009-01-02 11:00:00,30,17,0.0,11.0,6,38,10:51 AM,11:06 PM,07:07 AM,06:10 PM,10,27,27,28,19,4,27,0.0,1013,28,10,156,7,pune
2009-01-02 12:00:00,30,17,0.0,11.0,6,38,10:51 AM,11:06 PM,07:07 AM,06:10 PM,10,28,28,29,17,4,26,0.0,1012,29,10,156,6,pune
2009-01-02 13:00:00,30,17,0.0,11.0,6,38,10:51 AM,11:06 PM,07:07 AM,06:10 PM,10,29,29,30,15,4,30,0.0,1012,30,10,161,6,pune
2009-01-02 14:00:00,30,17,0.0,11.0,6,38,10:51 AM,11:06 PM,07:07 AM,06:10 PM,11,28,28,29,12,4,33,0.0,1012,29,10,166,5,pune
2009-01-02 15:00:00,30,17,0.0,11.0,6,38,10:51 AM,11:06 PM,07:07 AM,06:10 PM,12,27,27,28,11,4,37,0.0,1012,28,10,171,5,pune
2009-01-02 16:00:00,30,17,0.0,11.0,6,38,10:51 AM,11:06 PM,07:07 AM,06:10 PM,11,27,27,27,6,4,44,0.0,1013,27,10,161,4,pune
2009-01-02 17:00:00,30,17,0.0,11.0,6,38,10:51 AM,11:06 PM,07:07 AM,06:10 PM,11,26,26,25,6,4,52,0.0,1013,25,10,151,4,pune
2009-01-02 18:00:00,30,17,0.0,11.0,6,38,10:51 AM,11:06 PM,07:07 AM,06:10 PM,11,25,25,23,6,3,60,0.0,1014,23,10,141,3,pune
2009-01-02 19:00:00,30,17,0.0,11.0,6,38,10:51 AM,11:06 PM,07:07 AM,06:10 PM,11,21,24,21,6,3,62,0.0,1014,21,10,134,3,pune
2009-01-02 20:00:00,30,17,0.0,11.0,6,38,10:51 AM,11:06 PM,07:07 AM,06:10 PM,11,20,20,20,7,4,64,0.0,1015,20,10,128,3,pune
2009-01-02 21:00:00,30,17,0.0,11.0,6,38,10:51 AM,11:06 PM,07:07 AM,06:10 PM,11,19,19,19,7,4,66,0.0,1015,19,10,121,3,pune
2009-01-02 22:00:00,30,17,0.0,11.0,6,38,10:51 AM,11:06 PM,07:07 AM,06:10 PM,11,19,19,19,8,4,64,0.0,1015,19,10,116,4,pune
2009-01-02 23:00:00,30,17,0.0,11.0,6,38,10:51 AM,11:06 PM,07:07 AM,06:10 PM,11,19,19,19,10,5,61,0.0,1014,19,10,112,5,pune
2009-01-03 00:00:00,30,17,0.0,11.0,6,45,11:26 AM,11:58 PM,07:08 AM,06:10 PM,9,18,18,18,11,5,58,0.0,1014,18,10,107,5,pune
2009-01-03 01:00:00,30,17,0.0,11.0,6,45,11:26 AM,11:58 PM,07:08 AM,06:10 PM,9,18,18,18,10,5,57,0.0,1014,18,10,117,5,pune
2009-01-03 02:00:00,30,17,0.0,11.0,6,45,11:26 AM,11:58 PM,07:08 AM,06:10 PM,8,17,17,17,9,4,56,0.0,1014,17,10,126,4,pune
2009-01-03 03:00:00,30,17,0.0,11.0,6,45,11:26 AM,11:58 PM,07:08 AM,06:10 PM,8,17,17,17,8,4,54,0.0,1014,17,10,136,4,pune
2009-01-03 04:00:00,30,17,0.0,11.0,6,45,11:26 AM,11:58 PM,07:08 AM,06:10 PM,8,18,18,18,8,4,52,0.0,1015,18,10,127,5,pune
2009-01-03 05:00:00,30,17,0.0,11.0,6,45,11:26 AM,11:58 PM,07:08 AM,06:10 PM,8,19,19,19,8,3,49,0.0,1016,19,10,118,6,pune
2009-01-03 06:00:00,30,17,0.0,11.0,6,45,11:26 AM,11:58 PM,07:08 AM,06:10 PM,10,19,19,19,8,3,46,0.0,1017,19,10,108,7,pune
2009-01-03 07:00:00,30,17,0.0,11.0,6,45,11:26 AM,11:58 PM,07:08 AM,06:10 PM,10,21,21,21,8,3,40,0.0,1017,21,10,119,7,pune
2009-01-03 08:00:00,30,17,0.0,11.0,6,45,11:26 AM,11:58 PM,07:08 AM,06:10 PM,11,25,25,22,8,3,34,0.0,1016,22,10,129,7,pune
2009-01-03 09:00:00,30,17,0.0,11.0,6,45,11:26 AM,11:58 PM,07:08 AM,06:10 PM,11,26,26,26,12,3,29,0.0,1016,26,10,140,7,pune
2009-01-03 10:00:00,30,17,0.0,11.0,6,45,11:26 AM,11:58 PM,07:08 AM,06:10 PM,11,27,27,27,12,3,27,0.0,1015,27,10,151,5,pune
2009-01-03 11:00:00,30,17,0.0,11.0,6,45,11:26 AM,11:58 PM,07:08 AM,06:10 PM,11,28,28,29,13,3,25,0.0,1014,29,10,163,4,pune
2009-01-03 12:00:00,30,17,0.0,11.0,6,45,11:26 AM,11:58 PM,07:08 AM,06:10 PM,11,29,29,30,12,2,23,0.0,1014,30,10,174,3,pune
2009-01-03 13:00:00,30,17,0.0,11.0,6,45,11:26 AM,11:58 PM,07:08 AM,06:10 PM,11,29,29,30,11,3,28,0.0,1013,30,10,170,2,pune
2009-01-03 14:00:00,30,17,0.0,11.0,6,45,11:26 AM,11:58 PM,07:08 AM,06:10 PM,11,28,28,29,11,3,32,0.0,1013,29,10,166,2,pune
2009-01-03 15:00:00,30,17,0.0,11.0,6,45,11:26 AM,11:58 PM,07:08 AM,06:10 PM,12,27,27,28,11,3,36,0.0,1013,28,10,163,1,pune
2009-01-03 16:00:00,30,17,0.0,11.0,6,45,11:26 AM,11:58 PM,07:08 AM,06:10 PM,12,27,27,27,12,4,44,0.0,1014,27,10,204,1,pune
2009-01-03 17:00:00,30,17,0.0,11.0,6,45,11:26 AM,11:58 PM,07:08 AM,06:10 PM,12,26,26,25,12,4,52,0.0,1014,25,10,246,2,pune
2009-01-03 18:00:00,30,17,0.0,11.0,6,45,11:26 AM,11:58 PM,07:08 AM,06:10 PM,12,25,25,23,12,4,60,0.0,1015,23,10,287,2,pune
2009-01-03 19:00:00,30,17,0.0,11.0,6,45,11:26 AM,11:58 PM,07:08 AM,06:10 PM,12,21,24,21,9,5,64,0.0,1015,21,10,193,2,pune
2009-01-03 20:00:00,30,17,0.0,11.0,6,45,11:26 AM,11:58 PM,07:08 AM,06:10 PM,13,20,20,20,5,5,67,0.0,1015,20,10,99,2,pune
2009-01-03 21:00:00,30,17,0.0,11.0,6,45,11:26 AM,11:58 PM,07:08 AM,06:10 PM,12,20,20,20,5,5,71,0.0,1015,20,10,5,3,pune
2009-01-03 22:00:00,30,17,0.0,11.0,6,45,11:26 AM,11:58 PM,07:08 AM,06:10 PM,12,19,19,19,5,5,71,0.0,1015,19,10,19,2,pune
2009-01-03 23:00:00,30,17,0.0,11.0,6,45,11:26 AM,11:58 PM,07:08 AM,06:10 PM,12,19,19,19,5,5,72,0.0,1015,19,10,34,2,pune
2009-01-04 00:00:00,30,15,0.0,11.0,6,52,12:01 PM,No moonset,07:08 AM,06:11 PM,11,16,16,16,5,6,73,0.0,1014,16,10,48,2,pune
2009-01-04 01:00:00,30,15,0.0,11.0,6,52,12:01 PM,No moonset,07:08 AM,06:11 PM,12,16,16,16,5,6,76,0.0,1014,16,10,44,3,pune
2009-01-04 02:00:00,30,15,0.0,11.0,6,52,12:01 PM,No moonset,07:08 AM,06:11 PM,12,15,15,15,6,6,79,0.0,1014,15,10,40,3,pune
2009-01-04 03:00:00,30,15,0.0,11.0,6,52,12:01 PM,No moonset,07:08 AM,06:11 PM,12,16,15,16,7,6,83,0.0,1015,15,10,37,3,pune
2009-01-04 04:00:00,30,15,0.0,11.0,6,52,12:01 PM,No moonset,07:08 AM,06:11 PM,12,17,17,17,6,7,72,0.0,1015,17,10,51,3,pune
2009-01-04 05:00:00,30,15,0.0,11.0,6,52,12:01 PM,No moonset,07:08 AM,06:11 PM,13,18,18,18,5,8,61,0.0,1016,18,10,65,3,pune
2009-01-04 06:00:00,30,15,0.0,11.0,6,52,12:01 PM,No moonset,07:08 AM,06:11 PM,13,20,20,20,3,8,50,0.0,1016,20,10,79,3,pune
2009-01-04 07:00:00,30,15,0.0,11.0,6,52,12:01 PM,No moonset,07:08 AM,06:11 PM,13,21,21,21,4,8,44,0.0,1016,21,10,92,4,pune
2009-01-04 08:00:00,30,15,0.0,11.0,6,52,12:01 PM,No moonset,07:08 AM,06:11 PM,13,25,25,24,5,8,37,0.0,1015,24,10,104,4,pune
2009-01-04 09:00:00,30,15,0.0,11.0,6,52,12:01 PM,No moonset,07:08 AM,06:11 PM,13,27,27,27,6,8,30,0.0,1015,27,10,117,5,pune
2009-01-04 10:00:00,30,15,0.0,11.0,6,52,12:01 PM,No moonset,07:08 AM,06:11 PM,12,28,28,28,10,6,28,0.0,1014,28,10,83,4,pune
2009-01-04 11:00:00,30,15,0.0,11.0,6,52,12:01 PM,No moonset,07:08 AM,06:11 PM,11,29,29,30,10,5,26,0.0,1013,30,10,50,2,pune
2009-01-04 12:00:00,30,15,0.0,11.0,6,52,12:01 PM,No moonset,07:08 AM,06:11 PM,11,29,29,30,9,3,24,0.0,1013,30,10,17,1,pune
2009-01-04 13:00:00,30,15,0.0,11.0,6,52,12:01 PM,No moonset,07:08 AM,06:11 PM,10,29,29,30,9,3,28,0.0,1012,30,10,126,1,pune
2009-01-04 14:00:00,30,15,0.0,11.0,6,52,12:01 PM,No moonset,07:08 AM,06:11 PM,11,27,27,28,10,3,33,0.0,1012,28,10,235,1,pune
2009-01-04 15:00:00,30,15,0.0,11.0,6,52,12:01 PM,No moonset,07:08 AM,06:11 PM,11,27,27,27,11,3,37,0.0,1011,27,10,344,1,pune
2009-01-04 16:00:00,30,15,0.0,11.0,6,52,12:01 PM,No moonset,07:08 AM,06:11 PM,11,26,26,26,13,4,44,0.0,1012,26,10,329,5,pune
2009-01-04 17:00:00,30,15,0.0,11.0,6,52,12:01 PM,No moonset,07:08 AM,06:11 PM,12,26,26,25,14,4,51,0.0,1012,25,10,314,5,pune
2009-01-04 18:00:00,30,15,0.0,11.0,6,52,12:01 PM,No moonset,07:08 AM,06:11 PM,12,25,25,23,13,4,58,0.0,1013,23,10,299,1,pune
2009-01-04 19:00:00,30,15,0.0,11.0,6,52,12:01 PM,No moonset,07:08 AM,06:11 PM,13,22,25,22,11,4,61,0.0,1013,22,10,316,2,pune
2009-01-04 20:00:00,30,15,0.0,11.0,6,52,12:01 PM,No moonset,07:08 AM,06:11 PM,13,20,20,20,10,5,65,0.0,1013,20,10,333,3,pune
2009-01-04 21:00:00,30,15,0.0,11.0,6,52,12:01 PM,No moonset,07:08 AM,06:11 PM,13,19,19,19,8,5,68,0.0,1013,19,10,350,4,pune
2009-01-04 22:00:00,30,15,0.0,11.0,6,52,12:01 PM,No moonset,07:08 AM,06:11 PM,13,18,18,18,8,6,69,0.0,1013,18,10,237,4,pune
2009-01-04 23:00:00,30,15,0.0,11.0,6,52,12:01 PM,No moonset,07:08 AM,06:11 PM,13,18,18,18,7,6,70,0.0,1012,18,10,123,3,pune
2009-01-05 00:00:00,30,15,0.0,11.0,6,60,12:40 PM,12:52 AM,07:08 AM,06:12 PM,12,17,17,17,7,7,71,0.0,1012,17,10,10,3,pune
2009-01-05 01:00:00,30,15,0.0,11.0,6,60,12:40 PM,12:52 AM,07:08 AM,06:12 PM,11,16,16,16,8,7,72,0.0,1012,16,10,126,4,pune
2009-01-05 02:00:00,30,15,0.0,11.0,6,60,12:40 PM,12:52 AM,07:08 AM,06:12 PM,11,16,16,16,9,8,72,0.0,1012,16,10,242,4,pune
2009-01-05 03:00:00,30,15,0.0,11.0,6,60,12:40 PM,12:52 AM,07:08 AM,06:12 PM,11,15,15,15,10,9,73,0.0,1012,15,10,358,5,pune
2009-01-05 04:00:00,30,15,0.0,11.0,6,60,12:40 PM,12:52 AM,07:08 AM,06:12 PM,10,17,17,17,8,12,65,0.0,1012,17,10,265,4,pune
2009-01-05 05:00:00,30,15,0.0,11.0,6,60,12:40 PM,12:52 AM,07:08 AM,06:12 PM,10,19,19,19,6,14,56,0.0,1013,19,10,171,4,pune
2009-01-05 06:00:00,30,15,0.0,11.0,6,60,12:40 PM,12:52 AM,07:08 AM,06:12 PM,12,19,19,19,4,17,47,0.0,1013,19,10,77,3,pune
2009-01-05 07:00:00,30,15,0.0,11.0,6,60,12:40 PM,12:52 AM,07:08 AM,06:12 PM,12,21,21,21,4,14,41,0.0,1013,21,10,118,3,pune
2009-01-05 08:00:00,30,15,0.0,11.0,6,60,12:40 PM,12:52 AM,07:08 AM,06:12 PM,12,25,25,23,4,11,36,0.0,1013,23,10,160,3,pune
2009-01-05 09:00:00,30,15,0.0,11.0,6,60,12:40 PM,12:52 AM,07:08 AM,06:12 PM,12,27,27,26,8,8,30,0.0,1013,26,10,202,4,pune
2009-01-05 10:00:00,30,15,0.0,11.0,6,60,12:40 PM,12:52 AM,07:08 AM,06:12 PM,12,27,27,28,10,6,29,0.0,1012,28,10,217,5,pune
2009-01-05 11:00:00,30,15,0.0,11.0,6,60,12:40 PM,12:52 AM,07:08 AM,06:12 PM,11,28,28,29,11,5,28,0.0,1011,29,10,232,6,pune
2009-01-05 12:00:00,30,15,0.0,11.0,6,60,12:40 PM,12:52 AM,07:08 AM,06:12 PM,11,29,29,30,13,4,27,0.0,1011,30,10,247,6,pune
2009-01-05 13:00:00,30,15,0.0,11.0,6,60,12:40 PM,12:52 AM,07:08 AM,06:12 PM,10,29,29,30,15,4,30,0.0,1010,30,10,257,6,pune
2009-01-05 14:00:00,30,15,0.0,11.0,6,60,12:40 PM,12:52 AM,07:08 AM,06:12 PM,11,28,28,29,17,4,33,0.0,1010,29,10,266,6,pune
2009-01-05 15:00:00,30,15,0.0,11.0,6,60,12:40 PM,12:52 AM,07:08 AM,06:12 PM,11,27,27,27,19,5,36,0.0,1010,27,10,276,6,pune
2009-01-05 16:00:00,30,15,0.0,11.0,6,60,12:40 PM,12:52 AM,07:08 AM,06:12 PM,12,27,27,27,19,5,43,0.0,1011,27,10,279,7,pune
2009-01-05 17:00:00,30,15,0.0,11.0,6,60,12:40 PM,12:52 AM,07:08 AM,06:12 PM,12,26,26,26,20,5,49,0.0,1011,26,10,282,7,pune
2009-01-05 18:00:00,30,15,0.0,11.0,6,60,12:40 PM,12:52 AM,07:08 AM,06:12 PM,13,25,25,24,18,5,56,0.0,1012,24,10,284,7,pune
2009-01-05 19:00:00,30,15,0.0,11.0,6,60,12:40 PM,12:52 AM,07:08 AM,06:12 PM,14,21,24,21,14,5,62,0.0,1012,21,10,300,6,pune
2009-01-05 20:00:00,30,15,0.0,11.0,6,60,12:40 PM,12:52 AM,07:08 AM,06:12 PM,14,21,21,21,8,4,67,0.0,1012,21,10,315,5,pune
2009-01-05 21:00:00,30,15,0.0,11.0,6,60,12:40 PM,12:52 AM,07:08 AM,06:12 PM,14,20,20,20,7,4,72,0.0,1012,20,10,330,4,pune
2009-01-05 22:00:00,30,15,0.0,11.0,6,60,12:40 PM,12:52 AM,07:08 AM,06:12 PM,14,19,19,19,7,4,74,0.0,1012,19,10,223,4,pune
2009-01-05 23:00:00,30,15,0.0,11.0,6,60,12:40 PM,12:52 AM,07:08 AM,06:12 PM,14,19,19,19,6,4,75,0.0,1012,19,10,116,3,pune
2009-01-06 00:00:00,29,16,0.0,11.0,6,67,01:25 PM,01:50 AM,07:08 AM,06:12 PM,14,18,18,18,6,4,77,0.0,1011,18,10,10,3,pune
2009-01-06 01:00:00,29,16,0.0,11.0,6,67,01:25 PM,01:50 AM,07:08 AM,06:12 PM,13,17,17,17,7,4,77,0.0,1011,17,10,123,4,pune
2009-01-06 02:00:00,29,16,0.0,11.0,6,67,01:25 PM,01:50 AM,07:08 AM,06:12 PM,13,17,17,17,8,4,78,0.0,1011,17,10,237,5,pune
2009-01-06 03:00:00,29,16,0.0,11.0,6,67,01:25 PM,01:50 AM,07:08 AM,06:12 PM,12,16,16,16,9,4,78,0.0,1012,16,10,351,5,pune
2009-01-06 04:00:00,29,16,0.0,11.0,6,67,01:25 PM,01:50 AM,07:08 AM,06:12 PM,12,18,18,18,7,3,68,0.0,1012,18,10,250,5,pune
2009-01-06 05:00:00,29,16,0.0,11.0,6,67,01:25 PM,01:50 AM,07:08 AM,06:12 PM,13,19,19,19,5,3,59,0.0,1012,19,10,149,4,pune
2009-01-06 06:00:00,29,16,0.0,11.0,6,67,01:25 PM,01:50 AM,07:08 AM,06:12 PM,12,20,20,20,3,2,49,0.0,1013,20,10,48,3,pune
2009-01-06 07:00:00,29,16,0.0,11.0,6,67,01:25 PM,01:50 AM,07:08 AM,06:12 PM,12,21,21,21,3,2,41,0.0,1013,21,10,97,3,pune
2009-01-06 08:00:00,29,16,0.0,11.0,6,67,01:25 PM,01:50 AM,07:08 AM,06:12 PM,11,25,25,23,4,2,32,0.0,1013,23,10,146,3,pune
2009-01-06 09:00:00,29,16,0.0,11.0,6,67,01:25 PM,01:50 AM,07:08 AM,06:12 PM,10,26,26,26,8,2,23,0.0,1013,26,10,195,3,pune
2009-01-06 10:00:00,29,16,0.0,11.0,6,67,01:25 PM,01:50 AM,07:08 AM,06:12 PM,9,27,27,27,10,2,23,0.0,1012,27,10,209,5,pune
2009-01-06 11:00:00,29,16,0.0,11.0,6,67,01:25 PM,01:50 AM,07:08 AM,06:12 PM,9,27,27,28,11,2,23,0.0,1011,28,10,224,6,pune
2009-01-06 12:00:00,29,16,0.0,11.0,6,67,01:25 PM,01:50 AM,07:08 AM,06:12 PM,9,28,28,29,13,2,22,0.0,1010,29,10,239,7,pune
2009-01-06 13:00:00,29,16,0.0,11.0,6,67,01:25 PM,01:50 AM,07:08 AM,06:12 PM,9,28,28,29,15,2,24,0.0,1010,29,10,248,7,pune
2009-01-06 14:00:00,29,16,0.0,11.0,6,67,01:25 PM,01:50 AM,07:08 AM,06:12 PM,7,27,27,28,16,2,26,0.0,1010,28,10,257,7,pune
2009-01-06 15:00:00,29,16,0.0,11.0,6,67,01:25 PM,01:50 AM,07:08 AM,06:12 PM,7,26,26,27,16,2,29,0.0,1010,27,10,266,7,pune
2009-01-06 16:00:00,29,16,0.0,11.0,6,67,01:25 PM,01:50 AM,07:08 AM,06:12 PM,9,26,26,27,17,2,36,0.0,1011,27,10,272,7,pune
2009-01-06 17:00:00,29,16,0.0,11.0,6,67,01:25 PM,01:50 AM,07:08 AM,06:12 PM,10,25,25,25,18,1,43,0.0,1012,25,10,278,7,pune
2009-01-06 18:00:00,29,16,0.0,11.0,6,67,01:25 PM,01:50 AM,07:08 AM,06:12 PM,10,25,25,23,16,0,50,0.0,1012,23,10,285,8,pune
2009-01-06 19:00:00,29,16,0.0,11.0,6,67,01:25 PM,01:50 AM,07:08 AM,06:12 PM,11,21,21,21,14,0,53,0.0,1013,21,10,309,7,pune
2009-01-06 20:00:00,29,16,0.0,11.0,6,67,01:25 PM,01:50 AM,07:08 AM,06:12 PM,11,20,20,20,9,0,57,0.0,1013,20,10,333,6,pune
2009-01-06 21:00:00,29,16,0.0,11.0,6,67,01:25 PM,01:50 AM,07:08 AM,06:12 PM,12,19,19,19,9,0,61,0.0,1013,19,10,357,5,pune
2009-01-06 22:00:00,29,16,0.0,11.0,6,67,01:25 PM,01:50 AM,07:08 AM,06:12 PM,10,18,18,18,8,1,58,0.0,1013,18,10,243,5,pune
2009-01-06 23:00:00,29,16,0.0,11.0,6,67,01:25 PM,01:50 AM,07:08 AM,06:12 PM,9,18,18,18,8,2,55,0.0,1013,18,10,129,4,pune
2009-01-07 00:00:00,28,16,0.0,11.0,6,74,02:15 PM,02:52 AM,07:09 AM,06:13 PM,7,17,17,17,8,3,52,0.0,1013,17,10,15,4,pune
2009-01-07 01:00:00,28,16,0.0,11.0,6,74,02:15 PM,02:52 AM,07:09 AM,06:13 PM,6,17,17,17,7,3,50,0.0,1012,17,10,110,3,pune
2009-01-07 02:00:00,28,16,0.0,11.0,6,74,02:15 PM,02:52 AM,07:09 AM,06:13 PM,6,17,17,17,6,3,49,0.0,1012,17,10,204,3,pune
2009-01-07 03:00:00,28,16,0.0,11.0,6,74,02:15 PM,02:52 AM,07:09 AM,06:13 PM,5,16,16,16,8,4,47,0.0,1012,16,10,299,2,pune
2009-01-07 04:00:00,28,16,0.0,11.0,6,74,02:15 PM,02:52 AM,07:09 AM,06:13 PM,5,17,17,17,5,6,44,0.0,1013,17,10,222,3,pune
2009-01-07 05:00:00,28,16,0.0,11.0,6,74,02:15 PM,02:52 AM,07:09 AM,06:13 PM,5,18,18,18,6,7,41,0.0,1014,18,10,145,4,pune
2009-01-07 06:00:00,28,16,0.0,11.0,6,74,02:15 PM,02:52 AM,07:09 AM,06:13 PM,4,19,19,19,7,9,39,0.0,1014,19,10,69,5,pune
2009-01-07 07:00:00,28,16,0.0,11.0,6,74,02:15 PM,02:52 AM,07:09 AM,06:13 PM,8,19,19,19,8,8,35,0.0,1014,19,10,90,6,pune
2009-01-07 08:00:00,28,16,0.0,11.0,6,74,02:15 PM,02:52 AM,07:09 AM,06:13 PM,9,21,24,21,12,7,32,0.0,1014,21,10,112,6,pune
2009-01-07 09:00:00,28,16,0.0,11.0,6,74,02:15 PM,02:52 AM,07:09 AM,06:13 PM,9,25,25,25,14,6,28,0.0,1013,25,10,133,7,pune
2009-01-07 10:00:00,28,16,0.0,11.0,6,74,02:15 PM,02:52 AM,07:09 AM,06:13 PM,10,26,26,26,15,18,28,0.0,1013,26,10,150,7,pune
2009-01-07 11:00:00,28,16,0.0,11.0,6,74,02:15 PM,02:52 AM,07:09 AM,06:13 PM,10,27,27,27,16,30,27,0.0,1012,27,10,168,6,pune
2009-01-07 12:00:00,28,16,0.0,11.0,6,74,02:15 PM,02:52 AM,07:09 AM,06:13 PM,11,28,28,28,14,42,27,0.0,1011,28,10,185,6,pune
2009-01-07 13:00:00,28,16,0.0,11.0,6,74,02:15 PM,02:52 AM,07:09 AM,06:13 PM,9,27,27,28,14,43,32,0.0,1011,28,10,214,5,pune
2009-01-07 14:00:00,28,16,0.0,11.0,6,74,02:15 PM,02:52 AM,07:09 AM,06:13 PM,10,27,27,27,15,45,37,0.0,1011,27,10,243,3,pune
2009-01-07 15:00:00,28,16,0.0,11.0,6,74,02:15 PM,02:52 AM,07:09 AM,06:13 PM,10,26,26,26,15,46,41,0.0,1011,26,10,272,6,pune
2009-01-07 16:00:00,28,16,0.0,11.0,6,74,02:15 PM,02:52 AM,07:09 AM,06:13 PM,10,26,26,26,15,45,42,0.0,1012,26,10,281,7,pune
2009-01-07 17:00:00,28,16,0.0,11.0,6,74,02:15 PM,02:52 AM,07:09 AM,06:13 PM,10,25,25,25,15,43,43,0.0,1012,25,10,289,7,pune
2009-01-07 18:00:00,28,16,0.0,11.0,6,74,02:15 PM,02:52 AM,07:09 AM,06:13 PM,10,25,25,24,14,41,43,0.0,1013,24,10,298,4,pune
2009-01-07 19:00:00,28,16,0.0,11.0,6,74,02:15 PM,02:52 AM,07:09 AM,06:13 PM,9,22,24,22,11,43,44,0.0,1013,22,10,268,3,pune
2009-01-07 20:00:00,28,16,0.0,11.0,6,74,02:15 PM,02:52 AM,07:09 AM,06:13 PM,9,21,24,21,7,44,45,0.0,1013,21,10,238,1,pune
2009-01-07 21:00:00,28,16,0.0,11.0,6,74,02:15 PM,02:52 AM,07:09 AM,06:13 PM,9,21,21,21,5,46,46,0.0,1014,21,10,208,0,pune
2009-01-07 22:00:00,28,16,0.0,11.0,6,74,02:15 PM,02:52 AM,07:09 AM,06:13 PM,9,21,21,21,2,46,46,0.0,1014,21,10,187,1,pune
2009-01-07 23:00:00,28,16,0.0,11.0,6,74,02:15 PM,02:52 AM,07:09 AM,06:13 PM,9,21,21,21,3,46,45,0.0,1013,21,10,166,2,pune
2009-01-08 00:00:00,29,19,0.0,11.0,6,82,03:13 PM,03:58 AM,07:09 AM,06:14 PM,11,19,19,19,4,46,45,0.0,1013,19,10,145,2,pune
2009-01-08 01:00:00,29,19,0.0,11.0,6,82,03:13 PM,03:58 AM,07:09 AM,06:14 PM,11,19,19,19,5,46,45,0.0,1013,19,10,152,3,pune
2009-01-08 02:00:00,29,19,0.0,11.0,6,82,03:13 PM,03:58 AM,07:09 AM,06:14 PM,10,19,19,19,6,46,44,0.0,1014,19,10,160,3,pune
2009-01-08 03:00:00,29,19,0.0,11.0,6,82,03:13 PM,03:58 AM,07:09 AM,06:14 PM,10,19,19,19,7,46,43,0.0,1014,19,10,167,4,pune
2009-01-08 04:00:00,29,19,0.0,11.0,6,82,03:13 PM,03:58 AM,07:09 AM,06:14 PM,10,20,20,20,8,35,43,0.0,1014,20,10,156,5,pune
2009-01-08 05:00:00,29,19,0.0,11.0,6,82,03:13 PM,03:58 AM,07:09 AM,06:14 PM,11,20,20,20,9,24,42,0.0,1015,20,10,145,7,pune
2009-01-08 06:00:00,29,19,0.0,11.0,6,82,03:13 PM,03:58 AM,07:09 AM,06:14 PM,11,20,20,20,9,14,42,0.0,1016,20,10,135,8,pune
2009-01-08 07:00:00,29,19,0.0,11.0,6,82,03:13 PM,03:58 AM,07:09 AM,06:14 PM,11,21,21,21,11,11,39,0.0,1016,21,10,142,9,pune
2009-01-08 08:00:00,29,19,0.0,11.0,6,82,03:13 PM,03:58 AM,07:09 AM,06:14 PM,11,25,25,22,12,9,35,0.0,1016,22,10,148,10,pune
2009-01-08 09:00:00,29,19,0.0,11.0,6,82,03:13 PM,03:58 AM,07:09 AM,06:14 PM,11,25,25,25,13,7,32,0.0,1015,25,10,155,12,pune
2009-01-08 10:00:00,29,19,0.0,11.0,6,82,03:13 PM,03:58 AM,07:09 AM,06:14 PM,11,26,26,26,17,14,31,0.0,1015,26,10,164,10,pune
2009-01-08 11:00:00,29,19,0.0,11.0,6,82,03:13 PM,03:58 AM,07:09 AM,06:14 PM,11,27,27,27,18,20,30,0.0,1014,27,10,173,9,pune
2009-01-08 12:00:00,29,19,0.0,11.0,6,82,03:13 PM,03:58 AM,07:09 AM,06:14 PM,9,28,28,29,16,26,29,0.0,1013,29,10,182,8,pune
2009-01-08 13:00:00,29,19,0.0,11.0,6,82,03:13 PM,03:58 AM,07:09 AM,06:14 PM,10,27,27,28,16,25,32,0.0,1013,28,10,201,5,pune
2009-01-08 14:00:00,29,19,0.0,11.0,6,82,03:13 PM,03:58 AM,07:09 AM,06:14 PM,11,27,27,28,16,25,36,0.0,1013,28,10,221,3,pune
2009-01-08 15:00:00,29,19,0.0,11.0,6,82,03:13 PM,03:58 AM,07:09 AM,06:14 PM,11,27,27,27,15,24,39,0.0,1013,27,10,240,5,pune
2009-01-08 16:00:00,29,19,0.0,11.0,6,82,03:13 PM,03:58 AM,07:09 AM,06:14 PM,11,26,26,27,15,22,44,0.0,1014,27,10,257,6,pune
2009-01-08 17:00:00,29,19,0.0,11.0,6,82,03:13 PM,03:58 AM,07:09 AM,06:14 PM,11,26,26,25,15,20,48,0.0,1014,25,10,275,6,pune
2009-01-08 18:00:00,29,19,0.0,11.0,6,82,03:13 PM,03:58 AM,07:09 AM,06:14 PM,12,25,25,24,12,18,53,0.0,1015,24,10,292,2,pune
2009-01-08 19:00:00,29,19,0.0,11.0,6,82,03:13 PM,03:58 AM,07:09 AM,06:14 PM,12,22,24,22,9,18,53,0.0,1015,22,10,196,2,pune
2009-01-08 20:00:00,29,19,0.0,11.0,6,82,03:13 PM,03:58 AM,07:09 AM,06:14 PM,12,22,24,22,5,18,54,0.0,1015,22,10,100,2,pune
2009-01-08 21:00:00,29,19,0.0,11.0,6,82,03:13 PM,03:58 AM,07:09 AM,06:14 PM,12,21,24,21,5,18,54,0.0,1016,21,10,4,3,pune
2009-01-08 22:00:00,29,19,0.0,11.0,6,82,03:13 PM,03:58 AM,07:09 AM,06:14 PM,11,21,21,21,6,20,54,0.0,1016,21,10,40,3,pune
2009-01-08 23:00:00,29,19,0.0,11.0,6,82,03:13 PM,03:58 AM,07:09 AM,06:14 PM,12,20,20,20,6,21,54,0.0,1015,20,10,76,3,pune
2009-01-09 00:00:00,28,19,0.0,11.0,6,89,04:18 PM,05:06 AM,07:09 AM,06:14 PM,12,19,19,19,7,23,55,0.0,1015,19,10,112,3,pune
2009-01-09 01:00:00,28,19,0.0,11.0,6,89,04:18 PM,05:06 AM,07:09 AM,06:14 PM,12,19,19,19,7,25,54,0.0,1015,19,10,101,4,pune
2009-01-09 02:00:00,28,19,0.0,11.0,6,89,04:18 PM,05:06 AM,07:09 AM,06:14 PM,12,19,19,19,7,28,53,0.0,1015,19,10,91,4,pune
2009-01-09 03:00:00,28,19,0.0,11.0,6,89,04:18 PM,05:06 AM,07:09 AM,06:14 PM,12,19,19,19,8,30,52,0.0,1015,19,10,81,5,pune
2009-01-09 04:00:00,28,19,0.0,11.0,6,89,04:18 PM,05:06 AM,07:09 AM,06:14 PM,13,19,19,19,8,35,55,0.0,1016,19,10,88,5,pune
2009-01-09 05:00:00,28,19,0.0,11.0,6,89,04:18 PM,05:06 AM,07:09 AM,06:14 PM,13,20,20,20,8,40,57,0.0,1016,20,10,95,5,pune
2009-01-09 06:00:00,28,19,0.0,11.0,6,89,04:18 PM,05:06 AM,07:09 AM,06:14 PM,13,19,19,19,8,45,60,0.0,1017,19,10,102,6,pune
2009-01-09 07:00:00,28,19,0.0,11.0,6,89,04:18 PM,05:06 AM,07:09 AM,06:14 PM,14,20,20,20,10,39,54,0.0,1017,20,10,118,8,pune
2009-01-09 08:00:00,28,19,0.0,11.0,6,89,04:18 PM,05:06 AM,07:09 AM,06:14 PM,14,25,25,22,11,34,48,0.0,1017,22,10,133,9,pune
2009-01-09 09:00:00,28,19,0.0,11.0,6,89,04:18 PM,05:06 AM,07:09 AM,06:14 PM,14,26,26,25,13,29,42,0.0,1017,25,10,149,11,pune
2009-01-09 10:00:00,28,19,0.0,11.0,6,89,04:18 PM,05:06 AM,07:09 AM,06:14 PM,14,27,27,26,11,29,42,0.0,1016,26,10,158,10,pune
2009-01-09 11:00:00,28,19,0.0,11.0,6,89,04:18 PM,05:06 AM,07:09 AM,06:14 PM,14,28,28,28,10,29,41,0.0,1015,28,10,166,8,pune
2009-01-09 12:00:00,28,19,0.0,11.0,6,89,04:18 PM,05:06 AM,07:09 AM,06:14 PM,13,28,28,28,12,29,40,0.0,1014,28,10,174,7,pune
2009-01-09 13:00:00,28,19,0.0,11.0,6,89,04:18 PM,05:06 AM,07:09 AM,06:14 PM,13,27,27,27,14,29,44,0.0,1014,27,10,200,6,pune
2009-01-09 14:00:00,28,19,0.0,11.0,6,89,04:18 PM,05:06 AM,07:09 AM,06:14 PM,13,27,27,27,15,28,47,0.0,1014,27,10,226,5,pune
2009-01-09 15:00:00,28,19,0.0,11.0,6,89,04:18 PM,05:06 AM,07:09 AM,06:14 PM,13,27,27,27,16,28,51,0.0,1014,27,10,252,4,pune
2009-01-09 16:00:00,28,19,0.0,11.0,6,89,04:18 PM,05:06 AM,07:09 AM,06:14 PM,13,27,27,26,17,26,54,0.0,1015,26,10,265,7,pune
2009-01-09 17:00:00,28,19,0.0,11.0,6,89,04:18 PM,05:06 AM,07:09 AM,06:14 PM,13,26,26,26,17,25,57,0.0,1015,26,10,278,3,pune
2009-01-09 18:00:00,28,19,0.0,11.0,6,89,04:18 PM,05:06 AM,07:09 AM,06:14 PM,13,26,26,25,15,24,61,0.0,1016,25,10,291,3,pune
2009-01-09 19:00:00,28,19,0.0,11.0,6,89,04:18 PM,05:06 AM,07:09 AM,06:14 PM,14,25,25,23,11,25,64,0.0,1016,23,10,308,3,pune
2009-01-09 20:00:00,28,19,0.0,11.0,6,89,04:18 PM,05:06 AM,07:09 AM,06:14 PM,15,22,25,22,8,26,67,0.0,1017,22,10,324,2,pune
2009-01-09 21:00:00,28,19,0.0,11.0,6,89,04:18 PM,05:06 AM,07:09 AM,06:14 PM,15,21,24,21,3,27,70,0.0,1017,21,10,341,2,pune
2009-01-09 22:00:00,28,19,0.0,11.0,6,89,04:18 PM,05:06 AM,07:09 AM,06:14 PM,15,21,21,21,4,27,71,0.0,1016,21,10,251,2,pune
2009-01-09 23:00:00,28,19,0.0,11.0,6,89,04:18 PM,05:06 AM,07:09 AM,06:14 PM,15,21,21,21,5,27,72,0.0,1016,21,10,161,3,pune
2009-01-10 00:00:00,30,19,0.0,11.0,6,96,05:28 PM,06:12 AM,07:09 AM,06:15 PM,15,20,20,20,6,27,73,0.0,1016,20,10,71,4,pune
2009-01-10 01:00:00,30,19,0.0,11.0,6,96,05:28 PM,06:12 AM,07:09 AM,06:15 PM,15,20,20,20,7,23,74,0.0,1016,20,10,91,4,pune
2009-01-10 02:00:00,30,19,0.0,11.0,6,96,05:28 PM,06:12 AM,07:09 AM,06:15 PM,15,20,20,20,8,20,75,0.0,1016,20,10,111,5,pune
2009-01-10 03:00:00,30,19,0.0,11.0,6,96,05:28 PM,06:12 AM,07:09 AM,06:15 PM,15,20,20,20,9,17,75,0.0,1016,20,10,132,5,pune
2009-01-10 04:00:00,30,19,0.0,11.0,6,96,05:28 PM,06:12 AM,07:09 AM,06:15 PM,15,19,19,19,9,14,73,0.0,1016,19,10,126,6,pune
2009-01-10 05:00:00,30,19,0.0,11.0,6,96,05:28 PM,06:12 AM,07:09 AM,06:15 PM,15,20,20,20,10,12,70,0.0,1016,20,10,120,8,pune
2009-01-10 06:00:00,30,19,0.0,11.0,6,96,05:28 PM,06:12 AM,07:09 AM,06:15 PM,15,20,20,20,11,9,67,0.0,1017,20,10,114,9,pune
2009-01-10 07:00:00,30,19,0.0,11.0,6,96,05:28 PM,06:12 AM,07:09 AM,06:15 PM,15,21,24,21,11,12,59,0.0,1017,21,10,119,9,pune
2009-01-10 08:00:00,30,19,0.0,11.0,6,96,05:28 PM,06:12 AM,07:09 AM,06:15 PM,15,25,25,23,11,15,50,0.0,1016,23,10,124,10,pune
2009-01-10 09:00:00,30,19,0.0,11.0,6,96,05:28 PM,06:12 AM,07:09 AM,06:15 PM,14,27,27,26,11,19,41,0.0,1016,26,10,129,10,pune
2009-01-10 10:00:00,30,19,0.0,11.0,6,96,05:28 PM,06:12 AM,07:09 AM,06:15 PM,14,28,28,28,14,23,37,0.0,1015,28,10,137,8,pune
2009-01-10 11:00:00,30,19,0.0,11.0,6,96,05:28 PM,06:12 AM,07:09 AM,06:15 PM,14,29,29,29,15,27,33,0.0,1014,29,10,145,7,pune
2009-01-10 12:00:00,30,19,0.0,11.0,6,96,05:28 PM,06:12 AM,07:09 AM,06:15 PM,14,30,30,30,14,31,29,0.0,1013,30,10,153,5,pune
2009-01-10 13:00:00,30,19,0.0,11.0,6,96,05:28 PM,06:12 AM,07:09 AM,06:15 PM,12,29,29,30,13,35,34,0.0,1013,30,10,156,5,pune
2009-01-10 14:00:00,30,19,0.0,11.0,6,96,05:28 PM,06:12 AM,07:09 AM,06:15 PM,12,28,28,28,13,39,39,0.0,1013,28,10,159,4,pune
2009-01-10 15:00:00,30,19,0.0,11.0,6,96,05:28 PM,06:12 AM,07:09 AM,06:15 PM,13,27,27,28,13,44,44,0.0,1013,28,10,162,4,pune
2009-01-10 16:00:00,30,19,0.0,11.0,6,96,05:28 PM,06:12 AM,07:09 AM,06:15 PM,13,27,27,27,13,44,48,0.0,1014,27,8,195,3,pune
2009-01-10 17:00:00,30,19,0.0,11.0,6,96,05:28 PM,06:12 AM,07:09 AM,06:15 PM,13,27,27,26,12,45,52,0.0,1014,26,7,229,2,pune
2009-01-10 18:00:00,30,19,0.0,11.0,6,96,05:28 PM,06:12 AM,07:09 AM,06:15 PM,14,26,26,25,10,46,56,0.0,1015,25,5,262,1,pune
2009-01-10 19:00:00,30,19,0.0,11.0,6,96,05:28 PM,06:12 AM,07:09 AM,06:15 PM,14,25,25,24,8,45,57,0.0,1015,24,5,194,1,pune
2009-01-10 20:00:00,30,19,0.0,11.0,6,96,05:28 PM,06:12 AM,07:09 AM,06:15 PM,14,25,25,23,8,44,57,0.0,1015,23,5,125,2,pune
2009-01-10 21:00:00,30,19,0.0,11.0,6,96,05:28 PM,06:12 AM,07:09 AM,06:15 PM,13,25,25,22,4,43,57,0.0,1015,22,5,57,2,pune
2009-01-10 22:00:00,30,19,0.0,11.0,6,96,05:28 PM,06:12 AM,07:09 AM,06:15 PM,13,25,25,22,5,37,57,0.0,1014,22,7,55,2,pune
2009-01-10 23:00:00,30,19,0.0,11.0,6,96,05:28 PM,06:12 AM,07:09 AM,06:15 PM,13,25,25,22,5,31,56,0.0,1014,22,8,52,3,pune
2009-01-11 00:00:00,30,20,0.0,11.0,6,100,06:37 PM,07:12 AM,07:10 AM,06:15 PM,13,22,25,22,5,25,56,0.0,1014,22,10,49,3,pune
2009-01-11 01:00:00,30,20,0.0,11.0,6,100,06:37 PM,07:12 AM,07:10 AM,06:15 PM,14,21,21,21,7,19,55,0.0,1014,21,10,86,3,pune
2009-01-11 02:00:00,30,20,0.0,11.0,6,100,06:37 PM,07:12 AM,07:10 AM,06:15 PM,14,21,21,21,8,13,55,0.0,1014,21,10,123,4,pune
2009-01-11 03:00:00,30,20,0.0,11.0,6,100,06:37 PM,07:12 AM,07:10 AM,06:15 PM,12,22,24,22,10,7,54,0.0,1014,22,10,159,5,pune
2009-01-11 04:00:00,30,20,0.0,11.0,6,100,06:37 PM,07:12 AM,07:10 AM,06:15 PM,13,20,20,20,10,8,53,0.0,1015,20,10,145,6,pune
2009-01-11 05:00:00,30,20,0.0,11.0,6,100,06:37 PM,07:12 AM,07:10 AM,06:15 PM,13,20,20,20,10,9,51,0.0,1015,20,10,130,7,pune
2009-01-11 06:00:00,30,20,0.0,11.0,6,100,06:37 PM,07:12 AM,07:10 AM,06:15 PM,13,20,20,20,10,10,50,0.0,1016,20,10,115,8,pune
2009-01-11 07:00:00,30,20,0.0,11.0,6,100,06:37 PM,07:12 AM,07:10 AM,06:15 PM,13,21,24,21,10,9,44,0.0,1016,21,10,121,8,pune
2009-01-11 08:00:00,30,20,0.0,11.0,6,100,06:37 PM,07:12 AM,07:10 AM,06:15 PM,14,25,25,24,13,9,38,0.0,1016,24,10,126,8,pune
2009-01-11 09:00:00,30,20,0.0,11.0,6,100,06:37 PM,07:12 AM,07:10 AM,06:15 PM,13,27,27,27,14,8,32,0.0,1016,27,10,132,8,pune
2009-01-11 10:00:00,30,20,0.0,11.0,6,100,06:37 PM,07:12 AM,07:10 AM,06:15 PM,13,28,28,28,15,14,30,0.0,1015,28,10,139,7,pune
2009-01-11 11:00:00,30,20,0.0,11.0,6,100,06:37 PM,07:12 AM,07:10 AM,06:15 PM,13,29,29,30,16,20,28,0.0,1014,30,10,146,6,pune
2009-01-11 12:00:00,30,20,0.0,11.0,6,100,06:37 PM,07:12 AM,07:10 AM,06:15 PM,12,30,30,30,15,26,26,0.0,1013,30,10,153,5,pune
2009-01-11 13:00:00,30,20,0.0,11.0,6,100,06:37 PM,07:12 AM,07:10 AM,06:15 PM,11,29,29,30,14,32,31,0.0,1013,30,10,167,4,pune
2009-01-11 14:00:00,30,20,0.0,11.0,6,100,06:37 PM,07:12 AM,07:10 AM,06:15 PM,12,28,28,29,14,38,37,0.0,1013,29,10,181,3,pune
2009-01-11 15:00:00,30,20,0.0,11.0,6,100,06:37 PM,07:12 AM,07:10 AM,06:15 PM,12,27,27,28,14,45,42,0.0,1014,28,10,195,3,pune
2009-01-11 16:00:00,30,20,0.0,11.0,6,100,06:37 PM,07:12 AM,07:10 AM,06:15 PM,12,27,27,27,13,46,44,0.0,1014,27,10,218,2,pune
2009-01-11 17:00:00,30,20,0.0,11.0,6,100,06:37 PM,07:12 AM,07:10 AM,06:15 PM,12,27,27,27,13,48,45,0.0,1015,27,10,241,2,pune
2009-01-11 18:00:00,30,20,0.0,11.0,6,100,06:37 PM,07:12 AM,07:10 AM,06:15 PM,12,26,26,26,11,49,47,0.0,1016,26,10,264,2,pune
2009-01-11 19:00:00,30,20,0.0,11.0,6,100,06:37 PM,07:12 AM,07:10 AM,06:15 PM,13,25,25,25,8,46,48,0.0,1017,25,10,286,2,pune
2009-01-11 20:00:00,30,20,0.0,11.0,6,100,06:37 PM,07:12 AM,07:10 AM,06:15 PM,12,25,25,23,3,44,50,0.0,1017,23,10,309,2,pune
2009-01-11 21:00:00,30,20,0.0,11.0,6,100,06:37 PM,07:12 AM,07:10 AM,06:15 PM,12,25,25,23,3,41,51,0.0,1017,23,10,331,1,pune
2009-01-11 22:00:00,30,20,0.0,11.0,6,100,06:37 PM,07:12 AM,07:10 AM,06:15 PM,12,25,25,23,4,31,52,0.0,1016,23,10,255,2,pune
2009-01-11 23:00:00,30,20,0.0,11.0,6,100,06:37 PM,07:12 AM,07:10 AM,06:15 PM,12,25,25,22,5,22,53,0.0,1016,22,10,178,3,pune
2009-01-12 00:00:00,31,20,0.0,11.0,6,89,07:44 PM,08:06 AM,07:10 AM,06:16 PM,13,25,25,22,7,12,54,0.0,1016,22,10,102,4,pune
2009-01-12 01:00:00,31,20,0.0,11.0,6,89,07:44 PM,08:06 AM,07:10 AM,06:16 PM,12,22,24,22,7,10,55,0.0,1016,22,10,106,4,pune
2009-01-12 02:00:00,31,20,0.0,11.0,6,89,07:44 PM,08:06 AM,07:10 AM,06:16 PM,12,21,21,21,8,8,56,0.0,1016,21,10,111,5,pune
2009-01-12 03:00:00,31,20,0.0,11.0,6,89,07:44 PM,08:06 AM,07:10 AM,06:16 PM,11,20,20,20,9,6,56,0.0,1016,20,10,116,5,pune
2009-01-12 04:00:00,31,20,0.0,11.0,6,89,07:44 PM,08:06 AM,07:10 AM,06:16 PM,11,21,21,21,8,6,54,0.0,1017,21,10,120,6,pune
2009-01-12 05:00:00,31,20,0.0,11.0,6,89,07:44 PM,08:06 AM,07:10 AM,06:16 PM,11,21,24,21,8,6,52,0.0,1017,21,10,124,6,pune
2009-01-12 06:00:00,31,20,0.0,11.0,6,89,07:44 PM,08:06 AM,07:10 AM,06:16 PM,12,21,21,21,7,7,50,0.0,1018,21,10,128,6,pune
2009-01-12 07:00:00,31,20,0.0,11.0,6,89,07:44 PM,08:06 AM,07:10 AM,06:16 PM,12,22,24,22,8,6,43,0.0,1018,22,10,128,7,pune
2009-01-12 08:00:00,31,20,0.0,11.0,6,89,07:44 PM,08:06 AM,07:10 AM,06:16 PM,13,25,25,24,13,6,37,0.0,1018,24,10,129,7,pune
2009-01-12 09:00:00,31,20,0.0,11.0,6,89,07:44 PM,08:06 AM,07:10 AM,06:16 PM,12,27,27,27,13,6,30,0.0,1018,27,10,130,7,pune
2009-01-12 10:00:00,31,20,0.0,11.0,6,89,07:44 PM,08:06 AM,07:10 AM,06:16 PM,11,28,28,28,14,11,28,0.0,1017,28,10,132,6,pune
2009-01-12 11:00:00,31,20,0.0,11.0,6,89,07:44 PM,08:06 AM,07:10 AM,06:16 PM,11,29,29,30,15,15,26,0.0,1017,30,10,135,5,pune
2009-01-12 12:00:00,31,20,0.0,11.0,6,89,07:44 PM,08:06 AM,07:10 AM,06:16 PM,10,29,29,30,13,20,24,0.0,1016,30,10,138,4,pune
2009-01-12 13:00:00,31,20,0.0,11.0,6,89,07:44 PM,08:06 AM,07:10 AM,06:16 PM,9,29,29,31,12,24,27,0.0,1016,31,10,139,3,pune
2009-01-12 14:00:00,31,20,0.0,11.0,6,89,07:44 PM,08:06 AM,07:10 AM,06:16 PM,10,28,28,29,11,27,30,0.0,1016,29,10,140,3,pune
2009-01-12 15:00:00,31,20,0.0,11.0,6,89,07:44 PM,08:06 AM,07:10 AM,06:16 PM,10,27,27,28,11,30,32,0.0,1015,28,10,140,3,pune
2009-01-12 16:00:00,31,20,0.0,11.0,6,89,07:44 PM,08:06 AM,07:10 AM,06:16 PM,10,27,27,28,11,31,37,0.0,1016,28,10,146,2,pune
2009-01-12 17:00:00,31,20,0.0,11.0,6,89,07:44 PM,08:06 AM,07:10 AM,06:16 PM,11,26,26,26,12,31,42,0.0,1017,26,10,152,1,pune
2009-01-12 18:00:00,31,20,0.0,11.0,6,89,07:44 PM,08:06 AM,07:10 AM,06:16 PM,11,25,25,25,9,32,47,0.0,1017,25,10,158,0,pune
2009-01-12 19:00:00,31,20,0.0,11.0,6,89,07:44 PM,08:06 AM,07:10 AM,06:16 PM,11,25,25,24,7,26,48,0.0,1017,24,10,142,1,pune
2009-01-12 20:00:00,31,20,0.0,11.0,6,89,07:44 PM,08:06 AM,07:10 AM,06:16 PM,11,25,25,23,8,20,49,0.0,1018,23,10,126,1,pune
2009-01-12 21:00:00,31,20,0.0,11.0,6,89,07:44 PM,08:06 AM,07:10 AM,06:16 PM,11,22,24,22,8,15,50,0.0,1018,22,10,109,2,pune
2009-01-12 22:00:00,31,20,0.0,11.0,6,89,07:44 PM,08:06 AM,07:10 AM,06:16 PM,11,21,21,21,9,12,53,0.0,1018,21,10,105,2,pune
2009-01-12 23:00:00,31,20,0.0,11.0,6,89,07:44 PM,08:06 AM,07:10 AM,06:16 PM,11,20,20,20,9,10,57,0.0,1018,20,10,100,2,pune
2009-01-13 00:00:00,30,18,0.0,11.0,6,82,08:46 PM,08:53 AM,07:10 AM,06:17 PM,11,19,19,19,10,8,60,0.0,1018,19,10,95,3,pune
2009-01-13 01:00:00,30,18,0.0,11.0,6,82,08:46 PM,08:53 AM,07:10 AM,06:17 PM,10,18,18,18,9,7,57,0.0,1018,18,10,69,3,pune
2009-01-13 02:00:00,30,18,0.0,11.0,6,82,08:46 PM,08:53 AM,07:10 AM,06:17 PM,9,19,19,19,6,5,54,0.0,1018,19,10,42,3,pune
2009-01-13 03:00:00,30,18,0.0,11.0,6,82,08:46 PM,08:53 AM,07:10 AM,06:17 PM,9,19,19,19,7,4,51,0.0,1017,19,10,16,3,pune
2009-01-13 04:00:00,30,18,0.0,11.0,6,82,08:46 PM,08:53 AM,07:10 AM,06:17 PM,11,19,19,19,7,4,49,0.0,1018,19,10,49,4,pune
2009-01-13 05:00:00,30,18,0.0,11.0,6,82,08:46 PM,08:53 AM,07:10 AM,06:17 PM,11,19,19,19,7,4,47,0.0,1019,19,10,83,5,pune
2009-01-13 06:00:00,30,18,0.0,11.0,6,82,08:46 PM,08:53 AM,07:10 AM,06:17 PM,11,19,19,19,11,4,45,0.0,1019,19,10,116,6,pune
2009-01-13 07:00:00,30,18,0.0,11.0,6,82,08:46 PM,08:53 AM,07:10 AM,06:17 PM,11,20,20,20,11,5,40,0.0,1019,20,10,123,9,pune
2009-01-13 08:00:00,30,18,0.0,11.0,6,82,08:46 PM,08:53 AM,07:10 AM,06:17 PM,12,25,25,23,18,5,35,0.0,1019,23,10,129,13,pune
2009-01-13 09:00:00,30,18,0.0,11.0,6,82,08:46 PM,08:53 AM,07:10 AM,06:17 PM,12,26,26,26,18,6,31,0.0,1019,26,10,136,16,pune
2009-01-13 10:00:00,30,18,0.0,11.0,6,82,08:46 PM,08:53 AM,07:10 AM,06:17 PM,12,27,27,27,22,5,29,0.0,1019,27,10,126,14,pune
2009-01-13 11:00:00,30,18,0.0,11.0,6,82,08:46 PM,08:53 AM,07:10 AM,06:17 PM,11,28,28,28,23,5,27,0.0,1018,28,10,117,13,pune
2009-01-13 12:00:00,30,18,0.0,11.0,6,82,08:46 PM,08:53 AM,07:10 AM,06:17 PM,11,28,28,29,21,4,26,0.0,1017,29,10,107,11,pune
2009-01-13 13:00:00,30,18,0.0,11.0,6,82,08:46 PM,08:53 AM,07:10 AM,06:17 PM,9,28,28,30,20,5,27,0.0,1017,30,10,106,9,pune
2009-01-13 14:00:00,30,18,0.0,11.0,6,82,08:46 PM,08:53 AM,07:10 AM,06:17 PM,9,28,28,29,17,5,28,0.0,1017,29,10,104,8,pune
2009-01-13 15:00:00,30,18,0.0,11.0,6,82,08:46 PM,08:53 AM,07:10 AM,06:17 PM,9,27,27,28,16,6,29,0.0,1017,28,10,102,6,pune
2009-01-13 16:00:00,30,18,0.0,11.0,6,82,08:46 PM,08:53 AM,07:10 AM,06:17 PM,9,26,26,27,16,5,34,0.0,1017,27,10,102,6,pune
2009-01-13 17:00:00,30,18,0.0,11.0,6,82,08:46 PM,08:53 AM,07:10 AM,06:17 PM,11,26,26,26,16,4,38,0.0,1018,26,10,102,6,pune
2009-01-13 18:00:00,30,18,0.0,11.0,6,82,08:46 PM,08:53 AM,07:10 AM,06:17 PM,11,25,25,25,13,4,43,0.0,1018,25,10,102,6,pune
2009-01-13 19:00:00,30,18,0.0,11.0,6,82,08:46 PM,08:53 AM,07:10 AM,06:17 PM,11,25,25,24,13,4,44,0.0,1018,24,10,98,6,pune
2009-01-13 20:00:00,30,18,0.0,11.0,6,82,08:46 PM,08:53 AM,07:10 AM,06:17 PM,9,22,24,22,12,4,45,0.0,1019,22,10,93,6,pune
2009-01-13 21:00:00,30,18,0.0,11.0,6,82,08:46 PM,08:53 AM,07:10 AM,06:17 PM,9,21,24,21,12,4,46,0.0,1019,21,10,89,6,pune
2009-01-13 22:00:00,30,18,0.0,11.0,6,82,08:46 PM,08:53 AM,07:10 AM,06:17 PM,9,21,21,21,13,6,47,0.0,1019,21,10,89,6,pune
2009-01-13 23:00:00,30,18,0.0,11.0,6,82,08:46 PM,08:53 AM,07:10 AM,06:17 PM,9,20,20,20,13,7,47,0.0,1019,20,10,90,6,pune
2009-01-14 00:00:00,31,19,0.0,11.0,6,75,09:45 PM,09:35 AM,07:10 AM,06:17 PM,9,20,20,20,13,8,48,0.0,1019,20,10,90,7,pune
2009-01-14 01:00:00,31,19,0.0,11.0,6,75,09:45 PM,09:35 AM,07:10 AM,06:17 PM,9,20,20,20,10,7,50,0.0,1019,20,10,96,5,pune
2009-01-14 02:00:00,31,19,0.0,11.0,6,75,09:45 PM,09:35 AM,07:10 AM,06:17 PM,9,20,20,20,8,6,52,0.0,1019,20,10,101,4,pune
2009-01-14 03:00:00,31,19,0.0,11.0,6,75,09:45 PM,09:35 AM,07:10 AM,06:17 PM,10,19,19,19,9,5,53,0.0,1019,19,10,107,2,pune
2009-01-14 04:00:00,31,19,0.0,11.0,6,75,09:45 PM,09:35 AM,07:10 AM,06:17 PM,11,19,19,19,10,4,51,0.0,1019,19,10,109,3,pune
2009-01-14 05:00:00,31,19,0.0,11.0,6,75,09:45 PM,09:35 AM,07:10 AM,06:17 PM,11,19,19,19,11,4,50,0.0,1020,19,10,111,4,pune
2009-01-14 06:00:00,31,19,0.0,11.0,6,75,09:45 PM,09:35 AM,07:10 AM,06:17 PM,11,19,19,19,12,3,48,0.0,1020,19,10,112,5,pune
2009-01-14 07:00:00,31,19,0.0,11.0,6,75,09:45 PM,09:35 AM,07:10 AM,06:17 PM,11,20,20,20,14,3,41,0.0,1020,20,10,110,9,pune
2009-01-14 08:00:00,31,19,0.0,11.0,6,75,09:45 PM,09:35 AM,07:10 AM,06:17 PM,11,25,25,23,18,4,34,0.0,1020,23,10,108,12,pune
2009-01-14 09:00:00,31,19,0.0,11.0,6,75,09:45 PM,09:35 AM,07:10 AM,06:17 PM,10,26,26,26,18,4,27,0.0,1020,26,10,105,12,pune
